Player Name,MLBAM ID,Position,Team,Age,Projected PA,WeightedBase,AgeMod,ParkFactor,PlayingTimeMod,xwOBA_Adjustment,SpeedBonus,ProjectedFP,FP_MostRecentYear,Projection_vs_MostRecent,Percentile
Garrett Crochet,676979.0,SP,BOS,26.8,205.1,777.4,1.0,1.0,1.1,0.0,0.0,856.5,886.3,-3.4,100.0
Tarik Skubal,669373.0,SP,DET,29.4,195.1,770.1,1.0,1.0,1.1,0.0,0.0,852.5,862.3,-1.1,99.9
Logan Webb,657277.0,SP,SFG,29.4,207.0,691.3,1.0,1.1,1.2,0.0,0.0,835.7,740.0,12.9,99.8
Shohei Ohtani,660271.0,TWP,LAD,31.7,658.176,702.3,1.0,1.0,1.1,1.4,71.6,826.3,683.5,20.9,99.6
Paul Skenes,,SP,PIT,30.8,187.2,714.2,1.0,1.0,1.0,0.0,0.0,752.2,783.6,-4.0,99.5
Bobby Witt Jr.,677951.0,SS,KCR,25.8,633.655,603.0,1.0,1.0,1.1,0.3,108.4,734.6,561.5,30.8,99.4
Aaron Judge,592450.0,OF,NYY,33.9,633.319,654.3,1.0,1.0,1.1,-0.0,46.1,712.2,691.0,3.1,99.3
Corbin Carroll,682998.0,OF,ARI,25.6,607.366,547.2,1.0,1.0,1.0,0.3,106.7,685.7,550.5,24.6,99.1
Kevin Gausman,592332.0,SP,TOR,35.2,193.0,635.4,1.0,1.0,1.1,0.0,0.0,678.0,648.0,4.6,99.0
Cristopher Sanchez,650911.0,SP,PHI,29.3,202.0,618.8,1.0,1.0,1.1,0.0,0.0,675.3,768.0,-12.1,98.9
Jose Ramirez,608070.0,3B,CLE,33.5,603.88,612.7,1.0,1.0,1.0,-3.4,84.1,665.1,603.0,10.3,98.8
Elly De La Cruz,682829.0,SS,CIN,24.2,616.808,496.0,1.0,1.1,1.0,-2.1,99.5,660.6,515.5,28.1,98.7
Juan Soto,665742.0,OF,NYM,27.4,621.171,646.0,1.0,1.0,1.0,6.0,14.6,658.3,662.5,-0.6,98.5
Hunter Brown,686613.0,SP,HOU,27.6,185.1,641.5,1.0,1.0,1.0,0.0,0.0,654.6,737.3,-11.2,98.4
Framber Valdez,664285.0,SP,HOU,32.4,192.0,634.1,1.0,1.0,1.1,0.0,0.0,651.9,620.0,5.1,98.3
Freddy Peralta,642547.0,SP,MIL,29.8,176.2,678.2,1.0,1.0,1.0,0.0,0.0,637.0,725.6,-12.2,98.2
Max Fried,608331.0,SP,NYY,32.2,195.1,602.1,1.0,1.0,1.1,0.0,0.0,636.1,719.3,-11.6,98.1
Carlos Rodon,607074.0,SP,NYY,33.3,195.1,602.6,1.0,1.0,1.1,0.0,0.0,632.4,742.3,-14.8,97.9
Nick Pivetta,601713.0,SP,SDP,33.1,181.2,610.8,1.0,1.0,1.0,0.0,0.0,619.9,693.6,-10.6,97.8
Sonny Gray,543243.0,SP,STL,36.4,180.2,629.7,0.9,1.0,1.0,0.0,0.0,604.6,617.6,-2.1,97.7
Luis Castillo,622491.0,SP,SEA,33.3,180.2,599.6,1.0,1.0,1.0,0.0,0.0,604.4,563.6,7.2,97.6
Bryan Woo,693433.0,SP,SEA,26.2,186.2,554.5,1.0,1.0,1.0,0.0,0.0,603.0,734.6,-17.9,97.4
Dylan Cease,656302.0,SP,SDP,30.3,168.0,629.5,1.0,1.0,0.9,0.0,0.0,602.6,581.0,3.7,97.3
Kyle Schwarber,656941.0,OF,PHI,33.1,626.373,560.7,1.0,1.0,1.0,2.0,16.4,597.2,612.5,-2.5,97.2
Julio Rodriguez,677594.0,OF,SEA,25.3,617.685,490.2,1.0,1.0,1.0,2.2,101.1,595.6,538.0,10.7,97.1
Gunnar Henderson,683002.0,SS,BAL,24.8,628.586,499.2,1.0,1.0,1.0,-0.2,87.2,593.4,459.5,29.1,97.0
Zac Gallen,668678.0,SP,ARI,30.7,192.0,571.6,1.0,1.0,1.1,0.0,0.0,581.9,543.0,7.2,96.8
Tanner Bibee,676440.0,SP,CLE,27.1,182.1,558.1,1.0,1.0,1.0,0.0,0.0,579.0,534.3,8.4,96.7
Joe Ryan,657746.0,SP,MIN,29.8,171.0,591.1,1.0,1.0,1.0,0.0,0.0,577.7,659.0,-12.3,96.6
Francisco Lindor,596019.0,SS,NYM,32.4,608.047,559.5,1.0,1.0,1.0,0.6,52.3,577.3,564.5,2.3,96.5
Trea Turner,607208.0,SS,PHI,32.8,609.394,464.9,1.0,1.0,1.0,-4.3,108.8,572.2,493.5,15.9,96.4
Vladimir Guerrero Jr.,665489.0,1B,TOR,27.0,636.639,515.8,1.0,1.0,1.1,2.5,39.2,570.3,501.0,13.8,96.2
Zack Wheeler,554430.0,SP,PHI,35.8,149.2,720.1,1.0,1.0,0.8,0.0,0.0,557.5,657.6,-15.2,96.1
Jackson Chourio,694192.0,OF,MIL,22.1,594.109,429.5,1.0,1.0,1.0,-2.6,101.1,552.1,431.5,27.9,96.0
Yoshinobu Yamamoto,808967.0,SP,LAD,27.6,173.2,570.2,1.0,1.0,1.0,0.0,0.0,549.9,713.6,-22.9,95.9
Marcus Semien,543760.0,2B,TEX,35.5,668.308,410.7,1.0,1.0,1.1,2.9,87.2,548.8,320.5,71.2,95.7
Matt Olson,621566.0,1B,ATL,32.0,651.293,505.3,1.0,1.0,1.1,-0.4,8.1,548.5,500.0,9.7,95.6
Yusei Kikuchi,579328.0,SP,LAA,34.8,178.1,550.6,1.0,1.0,1.0,0.0,0.0,543.5,505.3,7.6,95.5
Nico Hoerner,663538.0,2B,CHC,28.9,585.13,453.6,1.0,1.0,1.0,0.1,89.5,538.4,458.5,17.4,95.4
Brice Turang,668930.0,2B,MIL,26.4,613.003,416.1,1.0,1.0,1.0,-0.5,95.5,537.0,471.0,14.0,95.3
Freddie Freeman,518692.0,1B,LAD,36.6,658.412,496.2,0.9,1.0,1.1,-1.6,12.3,527.2,458.0,15.1,95.1
Shohei Ohtani,660271.0,SP,LAD,31.7,658.176,333.8,1.0,1.0,1.6,0.0,0.0,522.2,191.0,173.4,95.0
Mitch Keller,656605.0,SP,PIT,30.0,176.1,517.4,1.0,1.0,1.0,0.0,0.0,515.2,472.3,9.1,94.9
Fernando Tatis Jr.,665487.0,OF,SDP,27.2,579.399,451.2,1.0,1.0,1.0,3.4,89.5,513.1,535.5,-4.2,94.8
Cody Bellinger,641355.0,OF,NYY,30.7,573.919,465.1,1.0,1.0,1.0,-2.8,77.7,512.5,507.0,1.1,94.7
Cal Raleigh,663728.0,C,SEA,29.3,614.647,503.7,1.0,1.0,1.0,-0.5,19.0,510.0,617.0,-17.3,94.5
Rafael Devers,646240.0,DH,- - -,29.4,624.627,487.0,1.0,1.0,1.0,0.3,6.1,509.1,517.0,-1.5,94.4
Willy Adames,642715.0,SS,SFG,30.6,620.458,456.7,1.0,0.9,1.0,0.5,71.6,509.1,444.5,14.5,94.3
Pete Alonso,624413.0,1B,NYM,31.3,642.471,492.7,1.0,1.0,1.1,1.9,9.3,502.5,522.0,-3.7,94.2
Maikel Garcia,672580.0,3B,KCR,26.1,620.014,426.4,1.0,1.0,1.0,1.0,68.9,502.2,488.0,2.9,94.0
Jesus Luzardo,666200.0,SP,PHI,28.5,183.2,502.3,1.0,1.0,1.0,0.0,0.0,499.5,672.6,-25.7,93.9
Mookie Betts,605141.0,SS,LAD,33.5,591.152,482.3,1.0,1.0,1.0,0.7,39.2,499.4,459.0,8.8,93.8
Ketel Marte,606466.0,2B,ARI,32.5,601.272,464.8,1.0,1.0,1.0,1.0,30.9,498.7,437.5,14.0,93.7
Chris Bassitt,605135.0,SP,TOR,37.1,170.1,534.4,0.9,1.0,0.9,0.0,0.0,496.5,521.3,-4.8,93.6
CJ Abrams,682928.0,SS,WSN,25.5,591.41,432.8,1.0,1.0,1.0,-1.5,77.7,496.3,439.5,12.9,93.4
George Springer,543807.0,OF,TOR,36.5,608.582,455.8,0.9,1.0,1.0,1.3,71.6,494.0,518.5,-4.7,93.3
Jeremy Pena,665161.0,SS,HOU,28.5,599.651,387.7,1.0,1.0,1.0,-2.1,105.5,493.7,393.5,25.5,93.2
Seiya Suzuki,673548.0,OF,CHC,31.6,573.864,428.8,1.0,1.0,1.0,-0.2,84.1,493.2,450.0,9.6,93.1
Jack Flaherty,656427.0,SP,DET,30.5,161.0,543.3,1.0,1.0,0.9,0.0,0.0,493.0,527.0,-6.4,93.0
Jose Berrios,621244.0,SP,TOR,31.8,166.0,522.0,1.0,1.0,0.9,0.0,0.0,489.2,449.0,9.0,92.8
Wyatt Langford,694671.0,OF,TEX,24.4,558.778,387.7,1.0,1.0,0.9,1.5,95.5,484.3,388.5,24.6,92.7
Brandon Nimmo,607043.0,OF,NYM,33.0,641.893,435.3,1.0,1.0,1.1,0.3,50.1,479.5,434.5,10.4,92.6
Bryce Harper,547180.0,1B,PHI,33.5,598.364,443.8,1.0,1.0,1.0,-0.5,42.6,478.6,424.5,12.8,92.5
Logan Gilbert,669302.0,SP,SEA,28.9,131.0,633.2,1.0,1.0,0.7,0.0,0.0,476.7,534.0,-10.7,92.3
William Contreras,661388.0,C,MIL,28.3,586.014,448.6,1.0,1.0,1.0,-0.1,23.9,474.3,427.0,11.1,92.2
Ronald Acuna Jr.,660670.0,OF,ATL,28.3,676.219,355.6,1.0,1.0,1.1,1.1,68.9,474.0,329.0,44.1,92.1
Sandy Alcantara,645261.0,SP,MIA,30.6,174.2,457.2,1.0,1.1,1.0,0.0,0.0,466.1,431.6,8.0,92.0
Geraldo Perdomo,672695.0,SS,ARI,26.4,562.356,426.3,1.0,1.0,0.9,-3.1,48.4,460.8,580.5,-20.6,91.9
Brent Rooker,667670.0,OF,ATH,31.4,541.349,458.7,1.0,1.0,0.9,-0.5,55.4,460.3,480.5,-4.2,91.7
Merrill Kelly,518876.0,SP,- - -,37.5,184.0,476.6,0.9,1.0,1.0,0.0,0.0,459.5,597.0,-23.0,91.6
MacKenzie Gore,669022.0,SP,WSN,27.1,159.2,500.8,1.0,1.0,0.9,0.0,0.0,458.6,508.6,-9.8,91.5
Steven Kwan,680757.0,OF,CLE,28.6,593.645,423.0,1.0,1.0,1.0,-0.7,50.1,458.0,438.0,4.6,91.4
Michael Wacha,608379.0,SP,KCR,34.8,172.2,484.5,1.0,1.0,1.0,0.0,0.0,457.9,459.6,-0.4,91.3
Zack Littell,641793.0,SP,- - -,30.5,186.2,448.8,1.0,1.0,1.0,0.0,0.0,457.3,504.6,-9.4,91.1
Kyle Tucker,663656.0,OF,CHC,29.2,562.259,451.4,1.0,1.0,0.9,-0.2,28.5,456.7,489.0,-6.6,91.0
Junior Caminero,691406.0,3B,TBR,22.7,521.951,478.9,1.0,1.0,0.9,-1.4,33.9,453.7,517.5,-12.3,90.9
Dean Kremer,665152.0,SP,BAL,30.2,171.2,459.5,1.0,1.0,1.0,0.0,0.0,452.8,484.6,-6.6,90.8
Pete Crow-Armstrong,691718.0,OF,CHC,24.0,499.983,399.7,1.0,1.0,0.8,-0.4,104.8,452.4,491.5,-8.0,90.6
Alex Bregman,608324.0,3B,BOS,32.0,638.238,401.9,1.0,1.0,1.1,-2.1,19.0,450.9,344.0,31.1,90.5
Manny Machado,592518.0,3B,SDP,33.7,594.006,468.5,1.0,1.0,1.0,1.3,14.6,445.9,486.5,-8.3,90.4
Jackson Merrill,701538.0,OF,SDP,23.0,585.596,366.6,1.0,1.0,1.0,2.8,87.2,443.8,308.0,44.1,90.3
Masyn Winn,691026.0,SS,STL,24.0,628.802,339.0,1.0,1.0,1.0,-2.1,84.1,442.1,302.0,46.4,90.2
Bryson Stott,681082.0,2B,PHI,28.5,527.762,388.8,1.0,1.0,0.9,0.7,93.5,442.0,383.5,15.2,90.0
Josh Naylor,647304.0,1B,- - -,28.8,570.12,465.3,1.0,1.0,1.0,-1.1,2.9,441.9,490.5,-9.9,89.9
Jarren Duran,680776.0,OF,BOS,29.6,430.805,464.3,1.0,1.0,0.7,-1.8,99.5,441.0,467.5,-5.7,89.8
Jose Altuve,514888.0,OF,HOU,35.9,584.038,432.4,1.0,1.0,1.0,-4.3,39.2,439.9,437.5,0.6,89.7
Gleyber Torres,650402.0,2B,DET,29.3,637.404,403.1,1.0,1.0,1.1,2.8,23.9,438.9,401.5,9.3,89.6
Brady Singer,663903.0,SP,CIN,29.7,169.2,511.5,1.0,0.9,0.9,0.0,0.0,437.8,541.6,-19.2,89.4
Dansby Swanson,621020.0,SS,CHC,32.1,524.463,397.6,1.0,1.0,0.9,4.2,87.2,437.1,410.0,6.6,89.3
Taylor Ward,621493.0,OF,LAA,32.3,605.15,403.5,1.0,1.0,1.0,0.7,50.1,431.3,459.5,-6.1,89.2
Yandy Diaz,650490.0,1B,TBR,34.6,611.721,426.4,1.0,1.0,1.0,-0.5,21.6,430.2,460.0,-6.5,89.1
Ryan Pepiot,686752.0,SP,TBR,28.6,167.2,454.8,1.0,1.0,0.9,0.0,0.0,429.4,551.6,-22.2,88.9
Jazz Chisholm Jr.,665862.0,2B,NYY,28.2,547.67,406.1,1.0,1.0,0.9,-0.9,59.0,428.3,423.0,1.3,88.8
Zach Neto,687263.0,SS,LAA,25.2,598.581,362.9,1.0,1.0,1.0,-0.0,74.6,427.9,392.5,9.0,88.7
Robbie Ray,592662.0,SP,SFG,34.5,182.1,412.4,1.0,1.1,1.0,0.0,0.0,425.0,604.3,-29.7,88.6
Brandon Pfaadt,694297.0,SP,ARI,27.5,176.2,445.8,1.0,1.0,1.0,0.0,0.0,424.5,446.6,-4.9,88.5
Matt Chapman,656305.0,3B,SFG,32.9,592.738,384.8,1.0,0.9,1.0,0.5,74.6,421.9,358.0,17.9,88.3
Ceddanne Rafaela,678882.0,OF,BOS,25.5,502.85,363.3,1.0,1.0,0.8,-0.8,99.5,420.1,382.5,9.8,88.2
Luis Arraez,650333.0,IF,SDP,29.0,591.681,415.5,1.0,1.0,1.0,-0.5,28.5,419.0,415.5,0.8,88.1
Ezequiel Tovar,678662.0,SS,COL,24.7,624.593,294.5,1.0,1.2,1.0,-0.4,59.0,418.2,203.0,106.0,88.0
Brayan Bello,678394.0,SP,BOS,26.9,166.2,468.3,1.0,1.0,0.9,0.0,0.0,417.8,471.6,-11.4,87.8
Otto Lopez,672640.0,2B,MIA,27.5,629.693,332.6,1.0,0.9,1.0,4.1,87.2,416.8,376.0,10.9,87.7
Trevor Story,596115.0,SS,BOS,33.4,453.647,429.2,1.0,1.0,0.8,-4.4,89.5,411.7,459.0,-10.3,87.6
Ranger Suarez,624133.0,SP,PHI,30.6,157.1,488.6,1.0,1.0,0.9,0.0,0.0,411.4,529.3,-22.3,87.5
Riley Greene,682985.0,OF,DET,25.5,582.17,392.9,1.0,1.0,1.0,-0.7,33.9,408.5,440.5,-7.3,87.4
Christian Yelich,592885.0,OF,MIL,34.3,493.141,405.6,1.0,1.0,0.8,-2.3,77.7,405.8,462.5,-12.2,87.2
Shota Imanaga,684007.0,SP,CHC,32.6,144.2,530.5,1.0,1.0,0.8,0.0,0.0,405.0,448.6,-9.7,87.1
Heliot Ramos,671218.0,OF,SFG,26.6,605.663,364.4,1.0,0.9,1.0,-0.0,55.4,404.0,387.0,4.4,87.0
Will Warren,,SP,NYY,30.8,162.1,455.8,1.0,1.0,0.9,0.0,0.0,403.5,490.3,-17.7,86.9
Jo Adell,666176.0,OF,LAA,27.0,598.944,342.5,1.0,1.0,1.0,4.0,68.9,403.0,383.5,5.1,86.8
Seth Lugo,607625.0,SP,KCR,36.4,145.1,511.1,0.9,1.0,0.8,0.0,0.0,403.0,403.3,-0.1,86.6
Andrew Abbott,671096.0,SP,CIN,26.8,166.1,469.1,1.0,0.9,0.9,0.0,0.0,401.1,549.3,-27.0,86.5
Jake Irvin,663623.0,SP,WSN,29.1,180.0,391.4,1.0,1.0,1.0,0.0,0.0,400.5,348.0,15.1,86.4
Ian Happ,664023.0,OF,CHC,31.6,468.763,442.1,1.0,1.0,0.8,2.2,52.3,399.2,428.5,-6.8,86.3
Jacob deGrom,594798.0,SP,TEX,37.8,172.2,463.9,0.9,1.0,1.0,0.0,0.0,396.8,673.6,-41.1,86.1
Jung Hoo Lee,808982.0,OF,SFG,27.6,545.615,368.4,1.0,0.9,0.9,2.5,77.7,395.8,387.5,2.1,86.0
Oneil Cruz,665833.0,OF,PIT,27.5,484.103,370.6,1.0,1.0,0.8,3.4,101.1,395.4,354.0,11.7,85.9
Austin Riley,663586.0,3B,ATL,29.0,601.269,311.8,1.0,1.0,1.0,2.8,77.7,394.1,253.0,55.8,85.8
David Peterson,656849.0,SP,NYM,30.6,168.2,408.0,1.0,1.0,0.9,0.0,0.0,394.1,460.6,-14.4,85.7
Bailey Ober,641927.0,SP,MIN,30.7,146.1,472.3,1.0,1.0,0.8,0.0,0.0,392.2,352.3,11.3,85.5
George Kirby,669923.0,SP,SEA,28.2,126.0,539.2,1.0,1.0,0.7,0.0,0.0,392.1,434.0,-9.7,85.4
Spencer Strider,675911.0,SP,ATL,27.4,125.1,566.6,1.0,1.0,0.7,0.0,0.0,391.3,373.3,4.8,85.3
Randy Arozarena,668227.0,OF,SEA,31.1,480.112,434.0,1.0,1.0,0.8,-0.3,62.4,389.3,462.5,-15.8,85.2
Clay Holmes,605280.0,SP,NYM,33.0,165.2,414.6,1.0,1.0,0.9,0.0,0.0,387.6,467.6,-17.1,85.1
Gavin Williams,668909.0,SP,CLE,26.7,167.2,405.4,1.0,1.0,0.9,0.0,0.0,387.1,580.6,-33.3,84.9
Chris Sale,519242.0,SP,ATL,37.0,125.2,593.8,0.9,1.0,0.7,0.0,0.0,386.8,534.6,-27.6,84.8
Byron Buxton,621439.0,OF,MIN,32.3,488.814,365.0,1.0,1.0,0.8,-2.2,108.4,384.4,464.0,-17.2,84.7
Michael Harris II,671739.0,OF,ATL,25.1,484.77,351.9,1.0,1.0,0.8,4.4,87.2,383.8,383.0,0.2,84.6
Nick Kurtz,,nan,ATH,29.4,493.199,402.4,1.0,1.0,0.8,0.0,54.4,382.4,427.5,-10.6,84.4
Anthony Volpe,683011.0,SS,NYY,24.9,480.313,367.4,1.0,1.0,0.8,0.8,80.8,381.2,352.0,8.3,84.3
Shane Baz,669358.0,SP,TBR,26.8,166.1,401.9,1.0,1.0,0.9,0.0,0.0,381.0,498.3,-23.5,84.2
Shea Langeliers,669127.0,C,ATH,28.4,492.493,355.8,1.0,1.0,0.8,-2.5,89.5,378.4,401.5,-5.8,84.1
Brenton Doyle,686668.0,OF,COL,27.9,412.325,328.4,1.0,1.2,0.7,1.7,104.8,366.3,300.0,22.1,84.0
Lucas Giolito,608337.0,SP,BOS,31.7,145.0,481.3,1.0,1.0,0.8,0.0,0.0,364.0,430.0,-15.4,83.8
Jose Soriano,667755.0,SP,LAA,27.4,169.0,371.0,1.0,1.0,0.9,0.0,0.0,363.6,465.0,-21.8,83.7
Shane Smith,,SP,CHW,30.8,146.1,433.7,1.0,1.0,0.8,0.0,0.0,363.4,464.3,-21.7,83.6
Colin Rea,607067.0,SP,CHC,35.8,159.1,438.7,1.0,1.0,0.9,0.0,0.0,362.2,452.3,-19.9,83.5
James Wood,,nan,WSN,29.4,513.342,373.1,1.0,1.0,0.9,0.0,54.4,361.4,469.5,-23.0,83.4
Ryne Nelson,669194.0,SP,ARI,28.2,154.0,432.4,1.0,1.0,0.9,0.0,0.0,358.4,485.0,-26.1,83.2
Xavier Edwards,669364.0,SS,MIA,26.6,557.51,323.4,1.0,0.9,0.9,-4.7,80.8,357.9,375.0,-4.6,83.1
Luis Severino,622663.0,SP,ATH,32.1,162.2,405.4,1.0,1.0,0.9,0.0,0.0,356.4,398.6,-10.6,83.0
Matthew Boyd,571510.0,SP,CHC,35.2,179.2,380.2,1.0,1.0,1.0,0.0,0.0,354.9,591.6,-40.0,82.9
Nathan Eovaldi,543135.0,SP,TEX,36.1,130.0,539.9,1.0,1.0,0.7,0.0,0.0,352.4,542.0,-35.0,82.7
Xander Bogaerts,593428.0,SS,SDP,33.5,554.843,339.2,1.0,1.0,0.9,1.7,59.0,351.9,349.0,0.8,82.6
Bo Bichette,666182.0,SS,TOR,28.1,584.856,346.6,1.0,1.0,1.0,1.6,21.6,347.4,455.5,-23.7,82.5
Matt McLain,680574.0,2B,CIN,26.7,442.952,303.9,1.0,1.1,0.7,0.6,101.1,345.9,305.5,13.2,82.4
Ozzie Albies,645277.0,2B,ATL,29.2,462.345,383.3,1.0,1.0,0.8,0.4,48.4,345.0,404.0,-14.6,82.3
Luis Garcia Jr.,671277.0,2B,WSN,25.9,545.264,348.9,1.0,1.0,0.9,3.9,28.5,343.8,347.0,-0.9,82.1
Ben Rice,,nan,NYY,29.4,484.389,360.3,1.0,1.0,0.8,0.0,54.4,342.8,378.0,-9.3,82.0
Michael Busch,683737.0,1B,CHC,28.4,462.956,398.7,1.0,1.0,0.8,0.1,28.5,341.6,436.5,-21.7,81.9
Caleb Durbin,,nan,MIL,29.4,532.437,316.1,1.0,1.0,0.9,0.0,54.4,340.9,326.0,4.6,81.8
Jake Burger,669394.0,1B,TEX,30.0,548.266,283.2,1.0,1.0,0.9,3.5,68.9,340.8,212.5,60.4,81.7
Nick Martinez,607259.0,SP,CIN,35.7,165.2,422.7,1.0,0.9,0.9,0.0,0.0,340.5,418.6,-18.7,81.5
Jake Cronenworth,630105.0,2B,SDP,32.2,516.178,327.5,1.0,1.0,0.9,0.2,74.6,338.4,299.5,13.0,81.4
Andy Pages,,nan,LAD,29.4,485.715,351.3,1.0,1.0,0.8,0.0,54.4,336.4,417.5,-19.4,81.3
Luis Robert Jr.,673357.0,OF,CHW,28.7,497.596,300.9,1.0,1.0,0.8,2.8,97.5,336.3,294.0,14.4,81.2
Corey Seager,608369.0,SS,TEX,31.9,508.161,370.9,1.0,1.0,0.8,4.7,9.3,336.1,316.5,6.2,81.0
Joey Ortiz,687401.0,SS,MIL,27.7,486.061,292.2,1.0,1.0,0.8,0.4,91.4,336.0,274.0,22.6,80.9
Colt Keith,690993.0,2B,DET,24.6,546.319,290.4,1.0,1.0,0.9,2.1,71.6,335.4,280.0,19.8,80.8
Teoscar Hernandez,606192.0,OF,LAD,33.5,409.736,394.5,1.0,1.0,0.7,-0.1,74.6,335.0,355.0,-5.6,80.7
Ernie Clement,676391.0,3B,TOR,30.0,470.771,331.3,1.0,1.0,0.8,-1.9,89.5,334.1,358.5,-6.8,80.6
Alec Burleson,676475.0,1B,STL,27.3,562.629,344.2,1.0,1.0,0.9,0.8,10.8,332.4,360.5,-7.8,80.4
Vinnie Pasquantino,686469.0,1B,KCR,28.5,505.776,394.2,1.0,1.0,0.8,0.1,10.8,332.3,477.5,-30.4,80.3
Eugenio Suarez,553993.0,3B,- - -,34.7,436.612,439.0,1.0,1.0,0.7,-2.5,26.9,330.9,474.0,-30.2,80.2
TJ Friedl,670770.0,OF,CIN,30.6,488.943,345.6,1.0,1.1,0.8,-3.2,33.9,330.1,401.5,-17.8,80.1
Brendan Donovan,680977.0,2B,STL,29.2,544.974,333.3,1.0,1.0,0.9,1.3,30.9,329.8,322.5,2.3,80.0
Brandon Marsh,669016.0,OF,PHI,28.3,514.875,285.5,1.0,1.0,0.9,-0.8,80.8,329.5,267.0,23.4,79.8
Tyler Soderstrom,691016.0,OF,ATH,24.4,524.773,308.1,1.0,1.0,0.9,0.6,52.3,328.1,434.5,-24.5,79.7
Yainer Diaz,673237.0,C,HOU,27.5,481.416,337.7,1.0,1.0,0.8,3.2,50.1,327.8,326.5,0.4,79.6
Nick Lodolo,666157.0,SP,CIN,28.2,156.2,410.5,1.0,0.9,0.9,0.0,0.0,327.4,540.6,-39.4,79.5
Noah Cameron,,SP,KCR,30.8,138.1,415.8,1.0,1.0,0.8,0.0,0.0,323.1,443.3,-27.1,79.3
Mitchell Parker,,SP,WSN,30.8,164.2,348.0,1.0,1.0,0.9,0.0,0.0,321.4,304.6,5.5,79.2
Lawrence Butler,671732.0,OF,ATH,25.7,451.592,369.3,1.0,1.0,0.8,-0.8,39.2,320.2,389.5,-17.8,79.1
Will Smith,669257.0,C,LAD,31.0,472.159,347.8,1.0,1.0,0.8,-0.3,50.1,318.5,328.5,-3.1,79.0
J.P. Crawford,641487.0,SS,SEA,31.2,540.963,331.9,1.0,1.0,0.9,2.4,33.9,318.0,367.0,-13.4,78.9
Casey Mize,663554.0,SP,DET,28.9,149.0,374.9,1.0,1.0,0.8,0.0,0.0,317.9,478.0,-33.5,78.7
Jacob Wilson,805779.0,SS,ATH,24.0,474.569,343.7,1.0,1.0,0.8,-3.4,42.6,317.6,358.5,-11.4,78.6
Charlie Morton,450203.0,SP,- - -,42.4,142.0,439.5,0.9,1.0,0.8,0.0,0.0,316.8,361.0,-12.2,78.5
Sal Frelick,686217.0,OF,MIL,25.9,403.973,320.1,1.0,1.0,0.7,-3.5,95.5,316.7,398.0,-20.4,78.4
Edward Cabrera,665795.0,SP,MIA,28.0,137.2,387.3,1.0,1.1,0.8,0.0,0.0,315.9,474.6,-33.4,78.3
Taj Bradley,671737.0,SP,- - -,25.0,142.2,390.4,1.0,1.0,0.8,0.0,0.0,314.0,363.6,-13.6,78.1
Drew Rasmussen,656876.0,SP,TBR,30.7,150.0,374.8,1.0,1.0,0.8,0.0,0.0,313.5,509.0,-38.4,78.0
Colton Cowser,681297.0,OF,BAL,26.0,631.303,257.0,1.0,1.0,1.1,0.8,52.3,313.1,193.0,62.2,77.9
Tomoyuki Sugano,,SP,BAL,30.8,157.0,346.7,1.0,1.0,0.9,0.0,0.0,312.2,362.0,-13.8,77.8
Wilyer Abreu,677800.0,OF,BOS,26.8,489.144,296.5,1.0,1.0,0.8,-0.6,59.0,311.6,298.5,4.4,77.6
Drake Baldwin,,nan,ATL,29.4,478.927,319.5,1.0,1.0,0.8,0.0,54.4,309.8,330.0,-6.1,77.5
Andres Gimenez,665926.0,2B,TOR,27.6,508.155,283.4,1.0,1.0,0.8,4.7,71.6,307.3,193.0,59.2,77.4
Jeffrey Springs,605488.0,SP,ATH,33.5,171.0,334.2,1.0,1.0,1.0,0.0,0.0,307.0,481.0,-36.2,77.3
Kodai Senga,673540.0,SP,NYM,33.2,113.1,480.1,1.0,1.0,0.6,0.0,0.0,306.9,367.3,-16.5,77.2
JP Sears,676664.0,SP,- - -,30.1,135.2,412.9,1.0,1.0,0.8,0.0,0.0,306.2,353.6,-13.4,77.0
Miles Mikolas,571945.0,SP,STL,37.6,156.1,369.4,0.9,1.0,0.9,0.0,0.0,304.9,334.3,-8.8,76.9
Justin Verlander,434378.0,SP,SFG,43.1,152.0,366.9,0.9,1.1,0.8,0.0,0.0,298.7,413.0,-27.7,76.8
Tommy Edman,669242.0,2B,LAD,30.9,470.574,276.3,1.0,1.0,0.8,1.2,84.1,298.3,224.5,32.9,76.7
Adley Rutschman,668939.0,C,BAL,28.1,544.55,301.4,1.0,1.0,0.9,3.1,33.9,296.7,195.5,51.8,76.5
Nolan Arenado,571448.0,3B,STL,35.0,557.021,323.7,1.0,1.0,0.9,-0.7,10.8,295.0,260.5,13.2,76.4
Jameson Taillon,592791.0,SP,CHC,34.4,129.2,434.4,1.0,1.0,0.7,0.0,0.0,293.8,395.6,-25.7,76.3
Michael Lorenzen,547179.0,SP,KCR,34.2,141.2,377.5,1.0,1.0,0.8,0.0,0.0,293.7,378.6,-22.4,76.2
Patrick Corbin,571578.0,SP,TEX,36.7,155.1,376.6,0.9,1.0,0.9,0.0,0.0,292.2,398.3,-26.6,76.1
J.T. Realmuto,592663.0,C,PHI,35.0,446.84,283.3,1.0,1.0,0.7,1.7,84.1,291.9,288.5,1.2,75.9
Agustin Ramirez,,nan,MIA,29.4,433.349,355.6,1.0,0.9,0.7,0.0,54.4,291.3,372.5,-21.8,75.8
Josh Smith,669701.0,SS,TEX,28.6,468.571,288.8,1.0,1.0,0.8,-0.9,55.4,290.4,315.0,-7.8,75.7
Kyle Hendricks,543294.0,SP,LAA,36.3,164.2,320.9,1.0,1.0,0.9,0.0,0.0,289.3,376.6,-23.2,75.6
Logan Allen,671106.0,SP,CLE,27.6,156.2,325.0,1.0,1.0,0.9,0.0,0.0,288.3,385.6,-25.2,75.5
Trent Grisham,663757.0,OF,NYY,29.4,516.096,295.9,1.0,1.0,0.9,2.0,33.9,288.2,409.5,-29.6,75.3
Jonathan India,663697.0,2B,KCR,29.3,392.282,330.1,1.0,1.0,0.7,2.5,77.7,287.9,281.0,2.5,75.2
Jacob Young,696285.0,OF,WSN,26.7,476.461,233.9,1.0,1.0,0.8,3.0,102.5,287.1,182.5,57.3,75.1
Mike Trout,545361.0,OF,LAA,34.7,456.372,301.8,1.0,1.0,0.8,3.9,68.9,284.2,339.0,-16.2,75.0
Christian Walker,572233.0,1B,HOU,35.0,412.902,388.4,1.0,1.0,0.7,1.0,23.9,283.5,361.5,-21.6,74.8
Cedric Mullins,656775.0,OF,- - -,31.5,368.1,334.0,1.0,1.0,0.6,-2.7,84.1,282.0,321.0,-12.2,74.7
Isaac Paredes,670623.0,3B,HOU,27.1,471.448,342.6,1.0,1.0,0.8,-4.0,12.3,281.7,291.0,-3.2,74.6
Ryan O'Hearn,656811.0,1B,- - -,32.7,419.791,324.5,1.0,1.0,0.7,0.9,59.0,280.5,346.5,-19.0,74.5
Daulton Varsho,662139.0,OF,TOR,29.7,465.777,270.9,1.0,1.0,0.8,-4.0,84.1,280.0,216.5,29.3,74.4
Harrison Bader,664056.0,OF,- - -,31.8,412.893,279.9,1.0,1.0,0.7,-3.6,93.5,278.1,309.0,-10.0,74.2
Lourdes Gurriel Jr.,666971.0,OF,ARI,32.5,378.794,363.5,1.0,1.0,0.6,0.6,46.1,276.7,354.0,-21.8,74.1
Jorge Polanco,593871.0,2B,SEA,32.7,480.059,305.0,1.0,1.0,0.8,0.8,46.1,274.5,388.0,-29.2,74.0
Carlos Correa,621043.0,SS,- - -,31.5,485.762,308.3,1.0,1.0,0.8,-0.2,28.5,272.7,319.5,-14.7,73.9
Willson Contreras,575929.0,1B,STL,33.9,439.879,307.9,1.0,1.0,0.7,1.1,55.4,272.0,352.0,-22.7,73.8
Alec Bohm,664761.0,3B,PHI,29.7,406.35,354.7,1.0,1.0,0.7,0.8,28.5,271.8,294.0,-7.6,73.6
Sean Burke,,SP,CHW,30.8,134.1,352.1,1.0,1.0,0.7,0.0,0.0,270.8,368.3,-26.5,73.5
Bryan Reynolds,668804.0,OF,PIT,31.2,307.746,396.3,1.0,1.0,0.5,2.7,74.6,270.6,353.5,-23.4,73.4
Tyler Anderson,542881.0,SP,LAA,36.3,136.1,362.2,1.0,1.0,0.8,0.0,0.0,270.6,296.3,-8.7,73.3
Hunter Greene,668881.0,SP,CIN,26.7,107.2,485.7,1.0,0.9,0.6,0.0,0.0,268.2,453.6,-40.9,73.1
Erick Fedde,607200.0,SP,- - -,33.1,141.0,353.1,1.0,1.0,0.8,0.0,0.0,268.1,223.0,20.2,73.0
Colson Montgomery,,nan,CHW,29.4,607.999,223.0,1.0,1.0,1.0,0.0,54.4,267.3,216.5,23.5,72.9
Lars Nootbaar,663457.0,OF,STL,28.6,450.922,298.8,1.0,1.0,0.8,2.8,42.6,266.9,312.5,-14.6,72.8
Kyle Manzardo,,nan,CLE,29.4,421.207,307.2,1.0,1.0,0.7,0.0,54.4,264.0,315.5,-16.3,72.7
Andre Pallante,669467.0,SP,STL,27.5,162.2,287.6,1.0,1.0,0.9,0.0,0.0,262.5,311.6,-15.8,72.5
Jackson Holliday,,nan,BAL,29.4,512.243,258.4,1.0,1.0,0.9,0.0,54.4,262.2,365.0,-28.2,72.4
Spencer Torkelson,679529.0,1B,DET,26.6,411.541,341.8,1.0,1.0,0.7,-1.0,33.9,262.2,408.5,-35.8,72.3
Eduardo Rodriguez,593958.0,SP,ARI,33.0,154.1,322.2,1.0,1.0,0.9,0.0,0.0,259.6,383.3,-32.3,72.2
Dillon Dingler,,nan,DET,29.4,485.317,263.4,1.0,1.0,0.8,0.0,54.4,259.3,264.0,-1.8,72.1
Victor Scott II,687363.0,OF,STL,25.1,333.332,263.0,1.0,1.0,0.6,3.0,108.4,258.6,263.5,-1.9,71.9
Jordan Westburg,676059.0,3B,BAL,27.1,424.593,237.2,1.0,1.0,0.7,0.4,97.5,258.3,229.0,12.8,71.8
Jesus Sanchez,660821.0,OF,- - -,28.5,423.53,301.3,1.0,1.0,0.7,3.6,42.6,258.2,300.0,-13.9,71.7
Matt Shaw,,nan,CHC,29.4,435.099,277.8,1.0,1.0,0.7,0.0,54.4,258.2,281.0,-8.1,71.6
Jake Meyers,676694.0,OF,HOU,29.8,442.516,239.9,1.0,1.0,0.7,1.4,77.7,255.9,234.5,9.1,71.4
Bryce Elder,693821.0,SP,ATL,26.9,156.1,295.5,1.0,1.0,0.9,0.0,0.0,255.4,368.3,-30.7,71.3
Matthew Liberatore,669461.0,SP,STL,26.4,151.2,297.1,1.0,1.0,0.8,0.0,0.0,254.4,397.6,-36.0,71.2
Daylen Lile,,nan,WSN,29.4,477.447,260.8,1.0,1.0,0.8,0.0,54.4,254.1,261.0,-2.7,71.1
Chris Paddack,663978.0,SP,- - -,30.2,158.0,292.7,1.0,1.0,0.9,0.0,0.0,253.6,337.0,-24.8,71.0
Chase Meidroth,,nan,CHW,29.4,486.282,258.3,1.0,1.0,0.8,0.0,54.4,251.6,258.0,-2.5,70.8
Brooks Lee,,nan,MIN,29.4,440.556,281.2,1.0,1.0,0.7,0.0,54.4,251.0,285.0,-11.9,70.7
Quinn Priester,682990.0,SP,MIL,25.5,157.1,291.0,1.0,1.0,0.9,0.0,0.0,250.1,489.3,-48.9,70.6
Spencer Schwellenbach,,SP,ATL,30.8,110.2,416.2,1.0,1.0,0.6,0.0,0.0,248.0,398.6,-37.8,70.5
Brandon Lowe,664040.0,2B,TBR,31.7,393.134,330.7,1.0,1.0,0.7,0.6,39.2,247.5,373.5,-33.7,70.4
Josh Bell,605137.0,1B,WSN,33.6,444.837,335.0,1.0,1.0,0.7,2.8,8.1,243.8,325.0,-25.0,70.2
Jeff McNeil,643446.0,2B,NYM,34.0,470.662,298.7,1.0,1.0,0.8,-0.1,28.5,242.9,287.5,-15.5,70.1
Carlos Narvaez,,nan,BOS,29.4,429.527,255.3,1.0,1.0,0.7,0.0,54.4,242.9,254.5,-4.6,70.0
Cade Horton,,SP,CHC,30.8,118.0,383.2,1.0,1.0,0.7,0.0,0.0,242.1,405.0,-40.2,69.9
Roman Anthony,,nan,BOS,29.4,511.079,213.2,1.0,1.0,0.9,0.0,54.4,241.7,205.0,17.9,69.7
Jose Quintana,500779.0,SP,MIL,37.2,131.2,361.4,0.9,1.0,0.7,0.0,0.0,241.4,340.6,-29.1,69.6
Ivan Herrera,671056.0,C,STL,25.8,494.988,258.4,1.0,1.0,0.8,1.7,25.7,241.3,317.0,-23.9,69.5
Addison Barger,,nan,TOR,29.4,490.502,240.1,1.0,1.0,0.8,0.0,54.4,241.2,327.5,-26.3,69.4
Nick Gonzales,693304.0,2B,PIT,26.8,431.207,204.9,1.0,1.0,0.7,1.1,95.5,240.4,191.5,25.6,69.3
Gavin Lux,666158.0,OF,CIN,28.4,351.046,272.4,1.0,1.1,0.6,-1.5,68.9,239.0,270.0,-11.5,69.1
Carson Kelly,608348.0,C,CHC,31.7,580.113,227.6,1.0,1.0,1.0,-0.2,19.0,238.3,265.0,-10.1,69.0
Brad Lord,,RP,WSN,30.8,130.2,325.1,1.0,1.0,0.7,0.0,0.0,238.1,336.6,-29.2,68.9
Hunter Goodman,696100.0,C,COL,26.5,339.026,292.8,1.0,1.2,0.6,-2.6,48.4,237.8,404.0,-41.1,68.8
Miguel Vargas,678246.0,3B,CHW,26.4,467.867,240.7,1.0,1.0,0.8,2.4,55.4,237.8,360.0,-34.0,68.7
Josh Jung,673962.0,3B,TEX,28.1,402.402,293.3,1.0,1.0,0.7,-0.4,30.9,237.0,272.5,-13.0,68.5
Nolan Schanuel,694384.0,1B,LAA,24.1,389.218,340.5,1.0,1.0,0.6,0.4,19.0,236.4,340.5,-30.6,68.4
Jose Caballero,676609.0,SS,- - -,29.6,344.063,276.3,1.0,1.0,0.6,-1.5,80.8,236.2,293.0,-19.4,68.3
Jack Leiter,,SP,TEX,30.8,151.2,300.0,1.0,1.0,0.8,0.0,0.0,235.4,475.6,-50.5,68.2
Adolis Garcia,666969.0,OF,TEX,33.1,306.95,363.4,1.0,1.0,0.5,2.4,42.6,234.2,319.5,-26.7,68.0
Max Muncy,571970.0,3B,LAD,35.6,409.612,293.7,1.0,1.0,0.7,0.2,42.6,234.1,292.5,-19.9,67.9
Ke'Bryan Hayes,663647.0,3B,- - -,29.2,440.945,249.3,1.0,1.0,0.7,3.2,48.4,233.5,264.5,-11.7,67.8
Andrew Heaney,571760.0,SP,- - -,34.8,122.1,354.8,1.0,1.0,0.7,0.0,0.0,230.9,244.3,-5.5,67.7
Andrew Vaughn,683734.0,1B,- - -,28.0,414.192,299.4,1.0,1.0,0.7,4.4,19.0,230.0,258.0,-10.9,67.6
Jonathan Aranda,666018.0,1B,TBR,27.9,459.92,280.0,1.0,1.0,0.8,2.7,16.4,229.5,283.5,-19.0,67.4
Connor Norby,,nan,MIA,29.4,576.812,197.1,1.0,0.9,1.0,0.0,54.4,229.1,186.0,23.2,67.3
Chad Patrick,,SP,MIL,30.8,119.2,361.7,1.0,1.0,0.7,0.0,0.0,228.4,379.6,-39.8,67.2
Trevor Rogers,669432.0,SP,BAL,28.4,109.2,359.1,1.0,1.0,0.6,0.0,0.0,228.2,435.6,-47.6,67.1
Dylan Crews,,nan,WSN,29.4,531.79,203.0,1.0,1.0,0.9,0.0,54.4,227.5,193.0,17.9,67.0
Simeon Woods Richardson,680573.0,SP,MIN,25.5,111.1,348.8,1.0,1.0,0.6,0.0,0.0,227.3,340.3,-33.2,66.8
Jurickson Profar,595777.0,OF,ATL,33.1,360.252,343.4,1.0,1.0,0.6,-1.8,25.7,225.8,273.5,-17.4,66.7
Chandler Simpson,,nan,TBR,29.4,351.276,301.2,1.0,1.0,0.6,0.0,54.4,225.8,308.5,-26.8,66.6
Marcell Ozuna,542303.0,DH,ATL,35.4,312.236,425.2,1.0,1.0,0.5,2.3,9.3,225.1,346.0,-34.9,66.5
Spencer Steer,668715.0,1B,CIN,28.3,214.386,401.9,1.0,1.1,0.4,-1.8,71.6,224.6,350.5,-35.9,66.3
Kyle Freeland,607536.0,SP,COL,32.9,162.2,302.0,1.0,0.8,0.9,0.0,0.0,224.5,348.6,-35.6,66.2
Nathan Lukes,664770.0,OF,TOR,31.7,393.293,285.5,1.0,1.0,0.7,-1.5,50.1,224.2,290.0,-22.7,66.1
Aaron Nola,605400.0,SP,PHI,32.8,94.1,450.2,1.0,1.0,0.5,0.0,0.0,224.0,248.3,-9.8,66.0
Brett Baty,683146.0,3B,NYM,26.4,484.556,228.4,1.0,1.0,0.8,1.0,42.6,220.5,269.0,-18.0,65.9
JJ Bleday,668709.0,OF,ATH,28.4,407.849,260.0,1.0,1.0,0.7,-2.8,46.1,219.6,203.5,7.9,65.7
Jordan Beck,,nan,COL,29.4,269.075,322.0,1.0,1.2,0.4,0.0,54.4,219.1,333.0,-34.2,65.6
Tyler Freeman,671289.0,OF,COL,26.9,275.864,240.7,1.0,1.2,0.5,2.0,87.2,217.3,261.5,-16.9,65.5
Davis Martin,663436.0,SP,CHW,29.2,142.2,262.6,1.0,1.0,0.8,0.0,0.0,216.2,355.6,-39.2,65.4
Luis Rengifo,650859.0,3B,LAA,29.1,416.956,259.5,1.0,1.0,0.7,0.3,42.6,214.9,267.0,-19.5,65.2
Tyler Glasnow,607192.0,SP,LAD,32.6,90.1,438.5,1.0,1.0,0.5,0.0,0.0,213.4,339.3,-37.1,65.1
Angel Martinez,,nan,CLE,29.4,395.576,247.2,1.0,1.0,0.7,0.0,54.4,212.8,245.0,-13.1,65.0
Ramon Laureano,657656.0,OF,- - -,31.7,327.47,276.4,1.0,1.0,0.5,-0.8,65.7,212.3,363.5,-41.6,64.9
Jared Triolo,669707.0,SS,PIT,28.1,360.994,196.0,1.0,1.0,0.6,2.5,93.5,210.3,210.0,0.1,64.8
Slade Cecconi,677944.0,SP,CLE,26.8,132.0,278.0,1.0,1.0,0.7,0.0,0.0,209.4,366.0,-42.8,64.6
Willi Castro,650489.0,OF,- - -,28.9,270.113,292.2,1.0,1.0,0.5,0.7,77.7,209.3,242.5,-13.7,64.5
Kyle Stowers,669065.0,OF,MIA,28.2,434.378,239.5,1.0,0.9,0.7,0.6,46.1,207.7,346.5,-40.0,64.4
Royce Lewis,668904.0,3B,MIN,26.8,464.664,226.8,1.0,1.0,0.8,0.5,36.7,206.9,243.0,-14.8,64.3
Parker Meadows,678009.0,OF,DET,26.4,488.82,136.8,1.0,1.0,0.8,0.1,97.5,206.7,102.0,102.7,64.2
Evan Carter,694497.0,OF,TEX,23.6,351.083,173.7,1.0,1.0,0.6,-0.4,97.5,206.7,158.5,30.4,64.0
Isaac Collins,,nan,MIL,29.4,299.385,298.7,1.0,1.0,0.5,0.0,54.4,206.6,305.5,-32.4,63.9
Bo Naylor,666310.0,C,CLE,26.1,431.336,202.5,1.0,1.0,0.7,-0.1,59.0,203.2,226.5,-10.3,63.8
Noelvi Marte,682622.0,OF,CIN,24.5,308.671,185.1,1.0,1.1,0.5,0.2,97.5,202.7,241.5,-16.1,63.7
Alejandro Kirk,672386.0,C,TOR,27.4,445.579,273.6,1.0,1.0,0.7,4.2,2.3,202.2,331.5,-39.0,63.5
Ryan Jeffers,680777.0,C,MIN,28.8,445.419,263.8,1.0,1.0,0.7,-1.3,16.4,202.2,261.5,-22.7,63.4
Pablo Lopez,641154.0,SP,MIN,30.1,75.2,466.5,1.0,1.0,0.4,0.0,0.0,200.1,266.6,-24.9,63.3
Kris Bubic,663460.0,SP,KCR,28.6,116.1,302.1,1.0,1.0,0.6,0.0,0.0,200.0,417.3,-52.1,63.2
Eury Perez,691587.0,SP,MIA,23.0,95.1,343.1,1.0,1.1,0.5,0.0,0.0,199.8,340.3,-41.3,63.1
Christopher Morel,666624.0,OF,TBR,26.8,326.248,233.5,1.0,1.0,0.5,2.6,71.6,199.5,164.5,21.3,62.9
Taylor Walls,670764.0,SS,TBR,29.7,437.439,171.5,1.0,1.0,0.7,0.2,77.7,199.2,183.0,8.9,62.8
Austin Wells,669224.0,C,NYY,26.7,386.287,263.8,1.0,1.0,0.6,1.0,26.9,199.0,278.0,-28.4,62.7
Bryce Miller,682243.0,SP,SEA,27.6,90.1,379.8,1.0,1.0,0.5,0.0,0.0,198.2,197.3,0.4,62.6
Spencer Horwitz,687462.0,1B,PIT,28.4,454.903,256.9,1.0,1.0,0.8,-1.9,10.8,197.4,271.5,-27.3,62.5
Dustin May,669160.0,SP,- - -,28.6,132.1,269.6,1.0,1.0,0.7,0.0,0.0,197.1,343.3,-42.6,62.3
Gabriel Moreno,672515.0,C,ARI,26.1,406.688,216.5,1.0,1.0,0.7,0.8,42.6,196.2,210.5,-6.8,62.2
Aaron Civale,650644.0,SP,- - -,30.8,102.0,351.7,1.0,1.0,0.6,0.0,0.0,195.9,268.0,-26.9,62.1
Trevor Larnach,663616.0,OF,MIN,29.1,399.424,274.1,1.0,1.0,0.7,0.2,21.6,195.8,325.0,-39.7,62.0
Kyle Teel,,nan,CHW,29.4,465.049,193.3,1.0,1.0,0.8,0.0,54.4,195.5,181.5,7.7,61.8
Bailey Falter,663559.0,SP,- - -,28.9,125.1,282.3,1.0,1.0,0.7,0.0,0.0,195.1,287.3,-32.1,61.7
Ryan McMahon,641857.0,3B,- - -,31.3,299.742,320.8,1.0,1.0,0.5,2.2,33.9,193.1,290.5,-33.5,61.6
Mickey Moniak,666160.0,OF,COL,27.9,197.779,278.3,1.0,1.2,0.3,-0.7,87.2,192.1,340.0,-43.5,61.5
Luke Keaschall,,nan,MIN,29.4,479.813,180.5,1.0,1.0,0.8,0.0,54.4,191.8,166.5,15.2,61.4
Luke Raley,670042.0,OF,SEA,31.5,342.115,185.1,1.0,1.0,0.6,0.8,91.4,191.4,90.0,112.7,61.2
Kyle Isbel,664728.0,OF,KCR,29.1,369.389,214.6,1.0,1.0,0.6,-3.4,65.7,189.5,199.0,-4.7,61.1
Mauricio Dubon,643289.0,2B,HOU,31.7,303.933,237.4,1.0,1.0,0.5,-1.0,71.6,189.3,216.0,-12.4,61.0
Grant Holmes,,SP,ATL,30.8,115.0,300.7,1.0,1.0,0.6,0.0,0.0,187.0,355.0,-47.3,60.9
Jake Fraley,641584.0,OF,- - -,30.9,322.346,196.4,1.0,1.0,0.5,-1.5,84.1,186.2,135.5,37.5,60.8
Mike Yastrzemski,573262.0,OF,- - -,35.6,302.366,304.8,1.0,1.0,0.5,-0.2,39.2,185.6,338.0,-45.1,60.6
Janson Junk,676083.0,SP,MIA,30.2,110.0,287.2,1.0,1.1,0.6,0.0,0.0,185.3,292.0,-36.5,60.5
Mike Vasil,,RP,CHW,30.8,101.0,319.5,1.0,1.0,0.6,0.0,0.0,185.1,330.0,-43.9,60.4
Kerry Carpenter,681481.0,OF,DET,28.6,300.897,283.8,1.0,1.0,0.5,-0.7,46.1,183.0,310.0,-41.0,60.3
Josh Lowe,666139.0,OF,TBR,28.2,228.828,274.9,1.0,1.0,0.4,1.1,74.6,178.3,255.5,-30.2,60.1
Freddy Fermin,666023.0,C,- - -,30.9,506.176,166.1,1.0,1.0,0.8,-1.9,42.6,178.3,154.5,15.4,60.0
Danny Jansen,643376.0,C,- - -,31.0,522.739,184.3,1.0,1.0,0.9,-1.8,21.6,177.5,188.0,-5.6,59.9
Sean Murphy,669221.0,C,ATL,31.5,567.503,182.4,1.0,1.0,0.9,2.1,4.4,177.1,180.5,-1.9,59.8
Adrian Houser,605288.0,SP,- - -,33.2,125.0,262.6,1.0,1.0,0.7,0.0,0.0,176.7,347.0,-49.1,59.7
Randy Vasquez,681190.0,SP,SDP,27.4,133.2,227.7,1.0,1.0,0.7,0.0,0.0,175.8,294.6,-40.3,59.5
Salvador Perez,521692.0,C,KCR,35.9,281.133,382.2,1.0,1.0,0.5,5.7,2.9,174.1,385.5,-54.8,59.4
Michael King,650633.0,SP,SDP,30.9,73.1,419.3,1.0,1.0,0.4,0.0,0.0,174.0,252.3,-31.0,59.3
Robert Suarez,663158.0,RP,SDP,35.1,69.2,453.2,1.0,1.0,0.4,0.0,0.0,173.5,468.6,-63.0,59.2
Tyler O'Neill,641933.0,OF,BAL,30.8,290.567,194.7,1.0,1.0,0.5,4.5,80.8,173.3,123.5,40.3,59.1
Brayan Rocchio,677587.0,SS,CLE,25.2,372.464,207.1,1.0,1.0,0.6,1.7,42.6,172.4,194.5,-11.4,58.9
Alek Thomas,677950.0,OF,ARI,25.9,217.541,223.4,1.0,1.0,0.4,5.1,80.8,170.3,223.0,-23.6,58.8
Liam Hicks,,nan,MIA,29.4,333.725,222.6,1.0,0.9,0.6,0.0,54.4,168.6,216.0,-22.0,58.7
Cade Smith,671922.0,RP,CLE,26.9,73.2,401.9,1.0,1.0,0.4,0.0,0.0,167.8,425.6,-60.6,58.6
Romy Gonzalez,663853.0,1B,BOS,29.6,251.579,201.7,1.0,1.0,0.4,-0.4,80.8,167.5,241.5,-30.6,58.4
Taijuan Walker,592836.0,SP,PHI,33.6,123.2,257.8,1.0,1.0,0.7,0.0,0.0,167.1,285.6,-41.5,58.3
Jacob Lopez,682052.0,SP,ATH,28.1,92.2,324.3,1.0,1.0,0.5,0.0,0.0,166.0,335.6,-50.5,58.2
Clayton Kershaw,477132.0,SP,LAD,38.0,112.2,281.9,0.9,1.0,0.6,0.0,0.0,165.2,338.6,-51.2,58.1
Jordan Walker,691023.0,OF,STL,23.9,188.026,222.0,1.0,1.0,0.3,2.2,91.4,164.2,178.0,-7.7,58.0
Zach McKinstry,656716.0,3B,DET,30.9,190.387,277.2,1.0,1.0,0.3,-0.7,80.8,163.9,343.5,-52.3,57.8
Edwin Diaz,621242.0,RP,NYM,32.0,66.1,433.2,1.0,1.0,0.4,0.0,0.0,163.0,482.3,-66.2,57.7
Blaze Alexander,677942.0,SS,ARI,26.8,273.13,152.9,1.0,1.0,0.5,-2.9,93.5,162.8,134.0,21.5,57.6
Jorge Soler,624585.0,OF,LAA,34.1,347.039,266.9,1.0,1.0,0.6,0.4,19.0,162.1,154.0,5.3,57.5
Ramon Urias,602104.0,3B,- - -,31.8,368.91,197.5,1.0,1.0,0.6,0.1,42.6,161.3,201.0,-19.7,57.4
Davis Schneider,676914.0,OF,TOR,27.2,351.981,181.6,1.0,1.0,0.6,-1.6,59.0,160.2,158.0,1.4,57.2
Wenceel Perez,,nan,DET,29.4,272.679,241.3,1.0,1.0,0.5,0.0,54.4,159.9,241.5,-33.8,57.1
Thomas Saggese,,nan,STL,29.4,443.059,144.8,1.0,1.0,0.7,0.0,54.4,159.4,124.5,28.0,57.0
Cade Povich,,SP,BAL,30.8,112.1,247.4,1.0,1.0,0.6,0.0,0.0,159.1,289.3,-45.0,56.9
Andrew Benintendi,643217.0,OF,CHW,31.7,258.453,310.2,1.0,1.0,0.4,1.0,33.9,159.0,302.0,-47.4,56.7
Jake McCarthy,664983.0,OF,ARI,28.7,142.704,200.3,1.0,1.0,0.2,1.8,107.3,158.0,111.0,42.3,56.6
Walker Buehler,621111.0,SP,- - -,31.7,126.0,230.3,1.0,1.0,0.7,0.0,0.0,157.6,283.0,-44.3,56.5
Jhoan Duran,661395.0,RP,- - -,28.2,70.0,405.5,1.0,1.0,0.4,0.0,0.0,157.5,456.0,-65.5,56.4
Eric Lauer,641778.0,SP,TOR,30.8,104.2,262.4,1.0,1.0,0.6,0.0,0.0,155.3,371.6,-58.2,56.3
Ronny Henriquez,678692.0,RP,MIA,25.8,73.0,352.6,1.0,1.1,0.4,0.0,0.0,155.1,369.0,-58.0,56.1
Jakob Marsee,,nan,MIA,29.4,328.801,198.0,1.0,0.9,0.5,0.0,54.4,154.4,187.0,-17.4,56.0
Mike Burrows,,SP,PIT,30.8,96.0,284.6,1.0,1.0,0.5,0.0,0.0,153.7,289.0,-46.8,55.9
Brooks Baldwin,,nan,CHW,29.4,329.212,192.0,1.0,1.0,0.5,0.0,54.4,153.6,180.0,-14.6,55.8
Cal Quantrill,615698.0,SP,- - -,31.1,117.2,239.5,1.0,1.0,0.7,0.0,0.0,153.1,212.6,-28.0,55.7
Corbin Burnes,669203.0,SP,ARI,31.4,64.1,449.7,1.0,1.0,0.4,0.0,0.0,152.2,220.3,-30.9,55.5
Landen Roupp,694738.0,SP,SFG,27.6,106.2,241.9,1.0,1.1,0.6,0.0,0.0,151.6,309.6,-51.0,55.4
Yoan Moncada,660162.0,3B,LAA,30.8,449.236,183.5,1.0,1.0,0.7,-2.4,23.9,151.2,179.5,-15.8,55.3
Tyler Stephenson,663886.0,C,CIN,29.6,255.694,252.2,1.0,1.1,0.4,-1.4,36.7,150.3,195.0,-22.9,55.2
Jasson Dominguez,691176.0,OF,NYY,23.1,120.429,279.1,1.0,1.0,0.2,0.5,91.4,149.6,282.5,-47.0,55.0
Cole Ragans,666142.0,SP,KCR,28.3,61.2,427.1,1.0,1.0,0.3,0.0,0.0,149.3,257.6,-42.0,54.9
Ben Brown,676962.0,SP,CHC,26.6,106.1,256.1,1.0,1.0,0.6,0.0,0.0,149.2,297.3,-49.8,54.8
Luis L. Ortiz,682847.0,SP,CLE,27.2,88.2,296.8,1.0,1.0,0.5,0.0,0.0,149.0,268.6,-44.5,54.7
Michael A. Taylor,572191.0,OF,CHW,35.0,325.0,163.7,1.0,1.0,0.5,1.8,65.7,148.2,160.0,-7.4,54.6
Pedro Pages,,nan,STL,29.4,377.188,151.7,1.0,1.0,0.6,0.0,54.4,148.0,179.5,-17.5,54.4
Cole Young,,nan,SEA,29.4,412.133,143.1,1.0,1.0,0.7,0.0,54.4,148.0,122.5,20.8,54.3
Will Benson,666181.0,OF,CIN,27.8,120.612,190.6,1.0,1.1,0.2,3.2,102.5,147.2,158.5,-7.2,54.2
Joey Bart,663698.0,C,PIT,29.3,453.31,160.3,1.0,1.0,0.8,-0.6,30.9,146.9,143.5,2.4,54.1
Raisel Iglesias,628452.0,RP,ATL,36.2,67.1,417.8,1.0,1.0,0.4,0.0,0.0,146.6,397.3,-63.1,53.9
Edmundo Sosa,624641.0,2B,PHI,30.1,166.115,166.8,1.0,1.0,0.3,-4.4,103.9,145.9,167.0,-12.6,53.8
Jonathan Cannon,,SP,CHW,30.8,103.2,246.3,1.0,1.0,0.6,0.0,0.0,145.8,213.6,-31.8,53.7
Andres Munoz,662253.0,RP,SEA,27.2,62.1,403.4,1.0,1.0,0.3,0.0,0.0,145.4,469.3,-69.0,53.6
Sean Newcomb,656794.0,RP,- - -,32.8,92.1,291.7,1.0,1.0,0.5,0.0,0.0,145.0,297.3,-51.2,53.5
Luis Torrens,620443.0,C,NYM,29.9,449.511,151.2,1.0,1.0,0.7,7.3,30.9,144.7,132.0,9.6,53.3
Patrick Bailey,672275.0,C,SFG,26.8,401.605,202.9,1.0,0.9,0.7,2.4,13.5,144.4,200.5,-28.0,53.2
Henry Davis,680779.0,C,PIT,26.5,306.997,111.2,1.0,1.0,0.5,6.5,80.8,142.9,101.0,41.5,53.1
Carlos Estevez,608032.0,RP,KCR,33.3,66.0,389.4,1.0,1.0,0.4,0.0,0.0,142.4,430.0,-66.9,53.0
Jeff Hoffman,656546.0,RP,TOR,33.2,68.0,373.7,1.0,1.0,0.4,0.0,0.0,142.2,435.0,-67.3,52.9
Zach Eflin,621107.0,SP,BAL,32.0,71.1,349.1,1.0,1.0,0.4,0.0,0.0,141.3,148.3,-4.7,52.7
Ryan Gusto,,SP,- - -,30.8,101.2,255.4,1.0,1.0,0.6,0.0,0.0,141.2,254.6,-44.5,52.6
Ezequiel Duran,677649.0,SS,TEX,26.9,213.482,128.9,1.0,1.0,0.4,-0.9,93.5,141.0,92.5,52.5,52.5
Nolan Gorman,669357.0,2B,STL,25.9,326.033,226.0,1.0,1.0,0.5,1.4,16.4,141.0,205.0,-31.2,52.4
Gavin Sheets,657757.0,OF,SDP,29.9,220.974,272.7,1.0,1.0,0.4,2.9,42.6,140.7,333.5,-57.8,52.2
Logan O'Hoppe,681351.0,C,LAA,26.1,236.558,226.3,1.0,1.0,0.4,3.8,50.1,140.5,193.5,-27.4,52.1
Francisco Alvarez,682626.0,C,NYM,24.4,395.117,192.8,1.0,1.0,0.7,-2.3,19.0,139.9,164.5,-15.0,52.0
Gabriel Arias,672356.0,SS,CLE,26.1,297.073,190.4,1.0,1.0,0.5,1.7,42.6,137.7,217.0,-36.5,51.9
Stephen Kolek,663568.0,SP,- - -,29.0,112.2,221.8,1.0,1.0,0.6,0.0,0.0,137.4,298.6,-54.0,51.8
Tyrone Taylor,621438.0,OF,NYM,32.2,114.237,180.0,1.0,1.0,0.2,3.1,102.5,137.4,162.0,-15.2,51.6
Matt Wallner,670242.0,OF,MIN,28.3,313.092,204.1,1.0,1.0,0.5,-2.1,36.7,136.7,240.0,-43.1,51.5
Miguel Andujar,609280.0,OF,- - -,31.1,309.024,204.5,1.0,1.0,0.5,-6.2,39.2,136.4,225.5,-39.5,51.4
Jake Mangum,,nan,TBR,29.4,190.065,266.0,1.0,1.0,0.3,0.0,54.4,136.3,267.0,-49.0,51.3
Dominic Canzone,686527.0,OF,SEA,28.6,348.616,188.2,1.0,1.0,0.6,3.1,28.5,136.2,175.5,-22.4,51.2
Devin Williams,642207.0,RP,NYY,31.5,62.0,401.8,1.0,1.0,0.3,0.0,0.0,135.5,340.0,-60.1,51.0
Griffin Canning,656288.0,SP,NYM,29.9,76.1,308.3,1.0,1.0,0.4,0.0,0.0,135.3,234.3,-42.2,50.9
Tyler Holton,663947.0,RP,DET,29.8,78.2,305.0,1.0,1.0,0.4,0.0,0.0,135.0,246.6,-45.3,50.8
Joey Cantillo,,RP,CLE,30.8,95.1,254.2,1.0,1.0,0.5,0.0,0.0,134.7,343.3,-60.8,50.7
Jeremiah Estrada,669093.0,RP,SDP,27.4,73.0,317.8,1.0,1.0,0.4,0.0,0.0,134.5,329.0,-59.1,50.5
Brady House,,nan,WSN,29.4,353.261,139.3,1.0,1.0,0.6,0.0,54.4,133.3,118.0,13.0,50.4
Bryan Abreu,650556.0,RP,HOU,28.9,71.0,341.6,1.0,1.0,0.4,0.0,0.0,132.7,355.0,-62.6,50.3
Kody Clemens,665019.0,2B,- - -,29.9,159.6,244.3,1.0,1.0,0.3,-0.5,68.9,132.6,241.5,-45.1,50.2
Joc Pederson,592626.0,1B,TEX,33.9,314.568,228.8,1.0,1.0,0.5,2.7,8.1,132.3,146.5,-9.7,50.1
Lenyn Sosa,672820.0,2B,CHW,26.2,230.492,256.7,1.0,1.0,0.4,3.6,33.9,132.2,315.5,-58.1,49.9
Blake Snell,605483.0,SP,LAD,33.3,61.1,400.4,1.0,1.0,0.3,0.0,0.0,131.6,243.3,-45.9,49.8
Clarke Schmidt,657376.0,SP,NYY,30.1,78.2,306.0,1.0,1.0,0.4,0.0,0.0,131.3,256.6,-48.8,49.7
Edgar Quero,,nan,CHW,29.4,240.356,203.5,1.0,1.0,0.4,0.0,54.4,131.2,193.5,-32.2,49.6
Eduard Bazardo,660825.0,RP,SEA,30.6,78.2,293.7,1.0,1.0,0.4,0.0,0.0,130.6,299.6,-56.4,49.5
Max Schuemann,,nan,ATH,29.4,301.056,151.5,1.0,1.0,0.5,0.0,54.4,129.8,101.5,27.9,49.3
Mason Miller,695243.0,RP,- - -,27.6,61.2,377.3,1.0,1.0,0.3,0.0,0.0,128.6,414.6,-69.0,49.2
David Bednar,670280.0,RP,- - -,31.5,62.2,379.1,1.0,1.0,0.3,0.0,0.0,128.2,426.6,-69.9,49.1
Carlos Santana,467793.0,1B,- - -,40.0,227.983,325.7,0.9,1.0,0.4,1.0,12.3,128.2,258.5,-50.4,49.0
Carmen Mlodzinski,669387.0,RP,PIT,27.1,99.0,224.9,1.0,1.0,0.6,0.0,0.0,128.1,293.0,-56.3,48.8
Jac Caglianone,,nan,KCR,29.4,389.11,118.0,1.0,1.0,0.6,0.0,54.4,128.0,93.0,37.7,48.7
Cam Smith,,nan,HOU,29.4,172.214,255.3,1.0,1.0,0.3,0.0,54.4,127.8,254.5,-49.8,48.6
Dane Myers,667472.0,OF,MIA,30.1,139.858,192.4,1.0,0.9,0.2,1.6,84.1,127.0,180.5,-29.7,48.5
Nick Fortes,663743.0,C,- - -,29.4,440.44,126.5,1.0,1.0,0.7,-1.8,36.7,127.0,108.5,17.0,48.4
Rob Refsnyder,608701.0,OF,BOS,35.0,355.85,163.6,1.0,1.0,0.6,-3.7,33.9,126.8,150.0,-15.5,48.2
Adrian Morejon,670970.0,RP,SDP,27.1,73.2,296.8,1.0,1.0,0.4,0.0,0.0,126.2,339.6,-62.8,48.1
Edwin Uceta,670955.0,RP,TBR,28.2,76.0,291.4,1.0,1.0,0.4,0.0,0.0,125.4,336.0,-62.7,48.0
Sean Manaea,640455.0,SP,NYM,34.2,60.2,370.3,1.0,1.0,0.3,0.0,0.0,125.2,190.6,-34.3,47.9
Josh Hader,623352.0,RP,HOU,32.0,52.2,445.5,1.0,1.0,0.3,0.0,0.0,124.8,409.6,-69.5,47.8
Aroldis Chapman,547973.0,RP,BOS,38.1,61.1,407.4,0.9,1.0,0.3,0.0,0.0,124.7,479.3,-74.0,47.6
Oswald Peraza,672724.0,3B,- - -,25.8,95.9993,124.0,1.0,1.0,0.2,3.3,101.1,124.5,100.0,24.5,47.5
Mitch Spence,687765.0,RP,ATH,27.9,84.2,264.9,1.0,1.0,0.5,0.0,0.0,124.0,186.6,-33.6,47.4
Myles Straw,664702.0,OF,TOR,31.5,60.7703,220.0,1.0,1.0,0.1,-0.8,103.9,124.0,199.0,-37.7,47.3
Tyler Alexander,641302.0,RP,- - -,31.7,97.2,234.5,1.0,1.0,0.5,0.0,0.0,123.8,240.6,-48.5,47.1
Tyler Mahle,641816.0,SP,TEX,31.5,86.2,277.5,1.0,1.0,0.5,0.0,0.0,123.6,280.6,-56.0,47.0
Michael McGreevy,,SP,STL,30.8,95.2,232.5,1.0,1.0,0.5,0.0,0.0,122.1,227.6,-46.4,46.9
Ryan Mountcastle,663624.0,1B,BAL,29.1,162.266,231.6,1.0,1.0,0.3,3.8,59.0,121.9,163.0,-25.2,46.8
Camilo Doval,666808.0,RP,- - -,28.7,65.1,336.5,1.0,1.0,0.4,0.0,0.0,121.2,301.3,-59.8,46.7
Tommy Pham,502054.0,OF,PIT,38.1,171.29,267.8,0.9,1.0,0.3,2.3,48.4,120.4,254.0,-52.6,46.5
Eli White,642201.0,OF,ATL,31.8,46.9042,190.3,1.0,1.0,0.1,-2.1,107.3,119.9,178.0,-32.6,46.4
Keider Montero,,SP,DET,30.8,90.2,232.7,1.0,1.0,0.5,0.0,0.0,118.1,225.6,-47.7,46.3
Dennis Santana,642701.0,RP,PIT,30.0,70.1,297.8,1.0,1.0,0.4,0.0,0.0,118.0,335.3,-64.8,46.2
Javier Baez,595879.0,OF,DET,33.3,186.813,212.1,1.0,1.0,0.3,0.6,55.4,118.0,243.5,-51.6,46.1
Austin Hays,669720.0,OF,CIN,30.7,143.394,242.9,1.0,1.1,0.2,-3.0,59.0,117.7,285.5,-58.8,45.9
Isiah Kiner-Falefa,643396.0,SS,- - -,31.0,168.954,243.2,1.0,1.0,0.3,-2.1,52.3,117.4,237.5,-50.6,45.8
Nolan Jones,666134.0,OF,CLE,27.9,173.336,192.6,1.0,1.0,0.3,3.0,59.0,116.6,174.5,-33.2,45.7
Javier Sanoja,,nan,MIA,29.4,183.96,219.6,1.0,0.9,0.3,0.0,54.4,116.5,212.5,-45.2,45.6
Max Scherzer,453286.0,SP,TOR,41.7,85.0,258.3,0.9,1.0,0.5,0.0,0.0,116.4,236.0,-50.7,45.4
Jack Dreyer,,RP,LAD,30.8,76.1,278.1,1.0,1.0,0.4,0.0,0.0,115.6,281.3,-58.9,45.3
Ryan Walker,676254.0,RP,SFG,30.3,61.1,324.4,1.0,1.1,0.3,0.0,0.0,115.1,279.3,-58.8,45.2
Will Vest,676684.0,RP,DET,30.8,68.2,296.5,1.0,1.0,0.4,0.0,0.0,113.8,370.6,-69.3,45.1
Joey Wentz,666214.0,RP,- - -,28.5,98.0,207.9,1.0,1.0,0.5,0.0,0.0,112.8,228.0,-50.5,45.0
Kenley Jansen,445276.0,RP,LAA,38.5,59.0,350.5,0.9,1.0,0.3,0.0,0.0,112.0,371.0,-69.8,44.8
Jose Iglesias,578428.0,2B,SDP,36.2,181.402,172.8,1.0,1.0,0.3,-1.6,65.7,111.8,161.0,-30.6,44.7
Lake Bachar,,RP,MIA,30.8,71.0,269.4,1.0,1.1,0.4,0.0,0.0,111.8,271.0,-58.8,44.6
Edouard Julien,666397.0,2B,MIN,26.9,253.973,126.8,1.0,1.0,0.4,4.5,55.4,111.7,75.5,48.0,44.5
Andrew McCutchen,457705.0,OF,PIT,39.5,141.491,295.7,0.9,1.0,0.2,2.2,46.1,111.2,293.0,-62.0,44.3
Max Muncy,,nan,ATH,29.4,284.377,120.6,1.0,1.0,0.5,0.0,54.4,111.1,96.0,15.7,44.2
Reese Olson,681857.0,SP,DET,26.7,68.2,279.7,1.0,1.0,0.4,0.0,0.0,110.0,223.6,-50.8,44.1
Michael Soroka,647336.0,SP,- - -,28.7,89.2,222.6,1.0,1.0,0.5,0.0,0.0,109.8,281.6,-61.0,44.0
Tanner Scott,656945.0,RP,LAD,31.7,57.0,354.5,1.0,1.0,0.3,0.0,0.0,109.8,279.0,-60.7,43.9
Keibert Ruiz,660688.0,C,WSN,27.7,310.742,204.6,1.0,1.0,0.5,3.1,3.4,109.6,120.0,-8.7,43.7
Kyle Higashioka,543309.0,C,TEX,35.9,354.109,176.0,1.0,1.0,0.6,-1.4,7.1,109.5,192.0,-43.0,43.6
Cole Sands,663485.0,RP,MIN,28.7,72.0,263.9,1.0,1.0,0.4,0.0,0.0,109.3,223.0,-51.0,43.5
Tyler Fitzgerald,666149.0,2B,SFG,28.5,37.3125,160.4,1.0,0.9,0.1,-6.3,105.5,108.6,104.0,4.4,43.4
Heriberto Hernandez,,nan,MIA,29.4,174.718,201.8,1.0,0.9,0.3,0.0,54.4,108.6,191.5,-43.3,43.3
Robert Hassell III,,nan,WSN,29.4,299.202,113.0,1.0,1.0,0.5,0.0,54.4,108.6,87.0,24.8,43.1
Emmet Sheehan,686218.0,SP,LAD,26.4,73.1,264.3,1.0,1.0,0.4,0.0,0.0,108.4,310.3,-65.1,43.0
Kyle Leahy,681517.0,RP,STL,28.8,88.0,219.2,1.0,1.0,0.5,0.0,0.0,107.7,281.0,-61.7,42.9
Jason Adam,592094.0,RP,SDP,34.7,65.1,298.1,1.0,1.0,0.4,0.0,0.0,107.6,272.3,-60.5,42.8
Nathaniel Lowe,663993.0,1B,- - -,30.7,143.305,356.0,1.0,1.0,0.2,-0.1,23.9,107.4,338.5,-68.3,42.6
Abner Uribe,682842.0,RP,MIL,25.8,75.1,261.8,1.0,1.0,0.4,0.0,0.0,107.4,349.3,-69.3,42.5
Michael Massey,686681.0,2B,KCR,28.0,311.151,173.9,1.0,1.0,0.5,0.9,19.0,107.3,113.5,-5.5,42.4
Ryan Helsley,664854.0,RP,- - -,31.7,56.0,352.6,1.0,1.0,0.3,0.0,0.0,107.2,272.0,-60.6,42.3
Emmanuel Clase,661403.0,RP,CLE,28.0,47.1,401.2,1.0,1.0,0.3,0.0,0.0,107.1,288.3,-62.9,42.2
Cameron Schlittler,,SP,NYY,30.8,73.0,268.5,1.0,1.0,0.4,0.0,0.0,107.1,270.0,-60.3,42.0
Victor Caratini,605170.0,C,HOU,32.6,351.932,178.9,1.0,1.0,0.6,1.1,2.3,106.5,212.5,-49.9,41.9
Griffin Jax,643377.0,RP,- - -,31.4,66.0,295.9,1.0,1.0,0.4,0.0,0.0,106.3,254.0,-58.2,41.8
Pete Fairbanks,664126.0,RP,TBR,32.3,60.1,320.2,1.0,1.0,0.3,0.0,0.0,106.2,352.3,-69.8,41.7
Garrett Whitlock,676477.0,RP,BOS,29.8,72.0,278.6,1.0,1.0,0.4,0.0,0.0,105.8,324.0,-67.3,41.6
Luke Weaver,596133.0,RP,NYY,32.6,64.2,304.4,1.0,1.0,0.4,0.0,0.0,105.6,278.6,-62.1,41.4
Alex Call,669743.0,OF,- - -,31.5,136.0,205.5,1.0,1.0,0.2,-6.5,65.7,104.8,190.5,-45.0,41.3
Paul Goldschmidt,502671.0,1B,NYY,38.6,144.398,356.2,0.9,1.0,0.2,2.5,21.6,104.4,314.0,-66.8,41.2
Ryan Ritter,,nan,COL,29.4,230.123,114.2,1.0,1.2,0.4,0.0,54.4,104.4,88.5,17.9,41.1
Kyle Finnegan,640448.0,RP,- - -,34.6,57.0,342.9,1.0,1.0,0.3,0.0,0.0,104.3,314.0,-66.8,40.9
Yu Darvish,506433.0,SP,SDP,39.6,72.0,268.5,0.9,1.0,0.4,0.0,0.0,103.9,206.0,-49.6,40.8
Tylor Megill,656731.0,SP,NYM,30.7,68.1,265.7,1.0,1.0,0.4,0.0,0.0,103.8,254.3,-59.2,40.7
Jimmy Herget,623474.0,RP,COL,32.6,83.1,270.5,1.0,0.8,0.5,0.0,0.0,103.2,272.3,-62.1,40.6
Reid Detmers,672282.0,RP,LAA,26.7,63.2,279.1,1.0,1.0,0.4,0.0,0.0,102.7,250.6,-59.0,40.5
Colton Gordon,,SP,HOU,30.8,86.0,220.0,1.0,1.0,0.5,0.0,0.0,102.3,213.0,-52.0,40.3
Ben Casparius,,RP,LAD,30.8,77.2,242.7,1.0,1.0,0.4,0.0,0.0,102.3,239.6,-57.3,40.2
Emilio Pagan,641941.0,RP,CIN,34.9,68.2,303.7,1.0,0.9,0.4,0.0,0.0,101.5,429.6,-76.4,40.1
Luis Gil,661563.0,SP,NYY,27.8,57.0,319.2,1.0,1.0,0.3,0.0,0.0,101.2,151.0,-33.0,40.0
German Marquez,608566.0,SP,COL,31.1,126.1,171.0,1.0,0.8,0.7,0.0,0.0,99.9,155.3,-35.7,39.9
Pavin Smith,656976.0,1B,ARI,30.1,288.32,154.4,1.0,1.0,0.5,-1.5,25.7,99.7,169.0,-41.0,39.7
Aaron Ashby,676879.0,RP,MIL,27.9,66.2,277.5,1.0,1.0,0.4,0.0,0.0,99.1,280.6,-64.7,39.6
Yariel Rodriguez,,RP,TOR,30.8,73.0,238.6,1.0,1.0,0.4,0.0,0.0,99.0,242.0,-59.1,39.5
Nick Allen,669397.0,SS,ATL,27.5,187.736,141.5,1.0,1.0,0.3,1.7,52.3,98.8,144.5,-31.6,39.4
Mark Vientos,668901.0,3B,NYM,26.3,202.118,245.3,1.0,1.0,0.3,0.2,19.0,98.4,254.5,-61.3,39.2
Max Kepler,596146.0,OF,PHI,33.1,118.148,267.7,1.0,1.0,0.2,3.1,42.6,97.8,280.5,-65.1,39.1
Shawn Armstrong,542888.0,RP,TEX,35.6,74.0,261.8,1.0,1.0,0.4,0.0,0.0,97.6,337.0,-71.0,39.0
Matt Strahm,621381.0,RP,PHI,34.4,62.1,299.7,1.0,1.0,0.3,0.0,0.0,97.4,261.3,-62.7,38.9
Keegan Akin,669211.0,RP,BAL,31.0,63.1,269.0,1.0,1.0,0.4,0.0,0.0,97.2,237.3,-59.0,38.8
Bryan King,,RP,HOU,30.8,68.0,263.4,1.0,1.0,0.4,0.0,0.0,96.9,264.0,-63.3,38.6
Tyler Kinley,641755.0,RP,- - -,35.2,72.2,252.2,1.0,1.0,0.4,0.0,0.0,96.8,257.6,-62.4,38.5
Casey Schmitt,669477.0,3B,SFG,27.1,142.945,160.5,1.0,0.9,0.2,1.4,59.0,96.5,184.5,-47.7,38.4
Logan Evans,,SP,SEA,30.8,81.1,209.3,1.0,1.0,0.5,0.0,0.0,96.4,200.3,-51.9,38.3
Brandon Woodruff,605540.0,SP,MIL,33.1,64.2,287.2,1.0,1.0,0.4,0.0,0.0,96.3,288.6,-66.6,38.2
Ryan Bergert,,SP,- - -,30.8,76.1,231.4,1.0,1.0,0.4,0.0,0.0,96.2,226.3,-57.5,38.0
Curtis Mead,678554.0,1B,- - -,25.4,233.614,137.2,1.0,1.0,0.4,2.6,39.2,96.1,115.5,-16.8,37.9
Giancarlo Stanton,519317.0,DH,NYY,36.4,245.702,250.2,0.9,1.0,0.4,-2.3,1.0,96.0,231.0,-58.4,37.8
J.T. Ginn,,SP,ATH,30.8,90.1,193.2,1.0,1.0,0.5,0.0,0.0,95.1,263.3,-63.9,37.7
Tyler Rogers,643511.0,RP,- - -,35.3,77.1,231.5,1.0,1.0,0.4,0.0,0.0,94.8,240.3,-60.5,37.5
Braxton Ashcraft,,RP,PIT,30.8,69.2,243.5,1.0,1.0,0.4,0.0,0.0,94.8,240.6,-60.6,37.4
Dylan Lee,669276.0,RP,ATL,31.7,68.1,257.8,1.0,1.0,0.4,0.0,0.0,94.4,259.3,-63.6,37.3
Michael Conforto,624424.0,OF,LAD,33.1,165.106,260.5,1.0,1.0,0.3,5.4,19.0,93.9,226.5,-58.6,37.2
Alex Verdugo,657077.0,OF,ATL,29.9,182.319,221.1,1.0,1.0,0.3,5.2,21.6,93.8,90.5,3.7,37.1
Nick Castellanos,592206.0,OF,PHI,34.1,47.1326,380.0,1.0,1.0,0.1,1.1,62.4,92.9,336.5,-72.4,36.9
Carlos Vargas,672841.0,RP,SEA,26.5,77.0,206.4,1.0,1.0,0.4,0.0,0.0,92.7,197.0,-53.0,36.8
Trevor Williams,592866.0,SP,WSN,33.9,82.2,203.8,1.0,1.0,0.5,0.0,0.0,92.5,150.6,-38.6,36.7
Alex Vesia,681911.0,RP,LAD,30.0,59.2,280.3,1.0,1.0,0.3,0.0,0.0,91.1,283.6,-67.9,36.6
Masataka Yoshida,807799.0,OF,BOS,32.7,177.024,212.8,1.0,1.0,0.3,0.5,26.9,90.9,119.0,-23.6,36.5
Jacob Latz,656641.0,RP,TEX,30.0,85.2,204.6,1.0,1.0,0.5,0.0,0.0,90.9,262.6,-65.4,36.3
Garrett Cleavinger,664076.0,RP,TBR,31.9,61.1,268.0,1.0,1.0,0.3,0.0,0.0,90.6,277.3,-67.3,36.2
Rhys Hoskins,656555.0,1B,MIL,33.0,221.715,236.7,1.0,1.0,0.4,-1.3,4.4,90.5,185.5,-51.2,36.1
Jake Bauers,641343.0,1B,MIL,30.5,146.797,165.1,1.0,1.0,0.2,2.7,46.1,89.8,147.5,-39.1,36.0
Emerson Hancock,676106.0,SP,SEA,26.8,90.0,171.0,1.0,1.0,0.5,0.0,0.0,89.6,196.0,-54.3,35.8
Spencer Bivens,,RP,SFG,30.8,81.0,190.6,1.0,1.1,0.4,0.0,0.0,89.4,220.0,-59.4,35.7
Hunter Gaddis,683769.0,RP,CLE,28.0,66.2,236.6,1.0,1.0,0.4,0.0,0.0,88.8,244.6,-63.7,35.6
Jacob Misiorowski,,SP,MIL,30.8,66.0,252.4,1.0,1.0,0.4,0.0,0.0,88.2,251.0,-64.8,35.5
Jared Koenig,657649.0,RP,MIL,32.2,66.0,253.4,1.0,1.0,0.4,0.0,0.0,87.9,255.0,-65.5,35.4
Otto Kemp,,nan,PHI,29.4,141.246,138.9,1.0,1.0,0.2,0.0,54.4,87.5,117.5,-25.6,35.2
Gabe Speier,642100.0,RP,SEA,31.0,62.0,248.6,1.0,1.0,0.3,0.0,0.0,87.5,280.0,-68.8,35.1
Antonio Senzatela,622608.0,SP,COL,31.2,130.0,145.2,1.0,0.8,0.7,0.0,0.0,87.5,125.0,-30.0,35.0
Calvin Faucher,676534.0,RP,MIA,30.5,60.1,248.4,1.0,1.1,0.3,0.0,0.0,87.4,272.3,-67.9,34.9
Brandon Eisert,,RP,CHW,30.8,69.2,219.7,1.0,1.0,0.4,0.0,0.0,87.2,212.6,-59.0,34.8
Randal Grichuk,545341.0,OF,- - -,34.6,118.644,200.2,1.0,1.0,0.2,2.9,46.1,87.0,157.5,-44.7,34.6
Justin Sterner,,RP,ATH,30.8,65.0,243.8,1.0,1.0,0.4,0.0,0.0,86.6,241.0,-64.1,34.5
Starling Marte,516782.0,OF,NYM,37.5,175.294,207.5,0.9,1.0,0.3,1.1,30.9,86.4,193.0,-55.3,34.4
Jason Alexander,669920.0,SP,- - -,33.1,77.1,207.6,1.0,1.0,0.4,0.0,0.0,86.2,198.3,-56.5,34.3
Tony Santillan,663574.0,RP,CIN,29.0,73.2,231.4,1.0,0.9,0.4,0.0,0.0,86.0,287.6,-70.1,34.1
Matt Svanson,,RP,STL,30.8,60.1,257.7,1.0,1.0,0.3,0.0,0.0,85.4,257.3,-66.8,34.0
Phil Maton,664208.0,RP,- - -,33.0,61.1,258.9,1.0,1.0,0.3,0.0,0.0,85.3,287.3,-70.3,33.9
Chase Dollander,,SP,COL,30.8,98.0,186.9,1.0,0.8,0.5,0.0,0.0,85.0,174.0,-51.1,33.8
Daniel Palencia,694037.0,RP,CHC,26.2,52.2,293.7,1.0,1.0,0.3,0.0,0.0,84.4,299.6,-71.8,33.7
Bryan Baker,641329.0,RP,- - -,31.3,68.2,226.2,1.0,1.0,0.4,0.0,0.0,84.0,267.6,-68.6,33.5
Luis Urias,649966.0,2B,ATH,28.8,218.794,176.3,1.0,1.0,0.4,0.9,19.0,83.9,161.5,-48.1,33.4
Kristian Campbell,,nan,BOS,29.4,120.374,141.8,1.0,1.0,0.2,0.0,54.4,83.7,121.0,-30.8,33.3
Orion Kerkering,689147.0,RP,PHI,25.0,60.0,251.2,1.0,1.0,0.3,0.0,0.0,83.5,244.0,-65.8,33.2
Ben Williamson,,nan,SEA,29.4,118.027,154.6,1.0,1.0,0.2,0.0,54.4,83.3,136.0,-38.7,33.0
Steven Matz,571927.0,RP,- - -,34.8,76.2,203.4,1.0,1.0,0.4,0.0,0.0,82.6,245.6,-66.4,32.9
Daniel Schneemann,,nan,CLE,29.4,99.6318,174.7,1.0,1.0,0.2,0.0,54.4,82.6,220.5,-62.5,32.8
Jonah Heim,641680.0,C,TEX,30.8,173.769,242.4,1.0,1.0,0.3,1.9,8.1,82.4,206.0,-60.0,32.7
Brendon Little,663893.0,RP,TOR,29.6,68.1,211.2,1.0,1.0,0.4,0.0,0.0,82.3,272.3,-69.8,32.6
Jakob Junis,596001.0,RP,CLE,33.5,66.2,226.8,1.0,1.0,0.4,0.0,0.0,82.3,202.6,-59.4,32.4
Lucas Erceg,668674.0,RP,KCR,30.9,61.1,238.4,1.0,1.0,0.3,0.0,0.0,81.9,221.3,-63.0,32.3
Jose Butto,676130.0,RP,- - -,28.0,67.0,219.4,1.0,1.0,0.4,0.0,0.0,81.7,195.0,-58.1,32.2
Hayden Birdsong,806185.0,RP,SFG,24.6,65.2,206.6,1.0,1.1,0.4,0.0,0.0,80.9,183.6,-55.9,32.1
Eric Wagaman,,nan,MIA,29.4,62.1525,276.2,1.0,0.9,0.1,0.0,54.4,80.8,279.0,-71.0,32.0
Coby Mayo,,nan,BAL,29.4,98.5989,167.4,1.0,1.0,0.2,0.0,54.4,80.3,151.0,-46.8,31.8
Jose A. Ferrer,678606.0,RP,WSN,26.1,76.1,182.2,1.0,1.0,0.4,0.0,0.0,80.3,272.3,-70.5,31.7
Seranthony Dominguez,622554.0,RP,- - -,31.3,62.2,236.4,1.0,1.0,0.3,0.0,0.0,80.1,250.6,-68.0,31.6
Abraham Toro,647351.0,1B,BOS,29.3,31.6516,161.8,1.0,1.0,0.1,2.3,68.9,79.9,153.0,-47.7,31.5
Greg Weissert,669711.0,RP,BOS,31.2,67.0,227.5,1.0,1.0,0.4,0.0,0.0,79.7,245.0,-67.5,31.3
Tanner Banks,621383.0,RP,PHI,34.4,67.1,226.7,1.0,1.0,0.4,0.0,0.0,79.6,244.3,-67.4,31.2
Steven Okert,595345.0,RP,HOU,34.7,71.2,211.9,1.0,1.0,0.4,0.0,0.0,79.6,289.6,-72.5,31.1
Dylan Carlson,666185.0,OF,BAL,27.4,109.559,110.0,1.0,1.0,0.2,1.1,59.0,79.3,110.0,-27.9,31.0
Jack Kochanowicz,,SP,LAA,30.8,111.0,125.7,1.0,1.0,0.6,0.0,0.0,79.3,130.0,-39.0,30.9
Miguel Rojas,500743.0,2B,LAD,37.1,200.843,206.0,0.9,1.0,0.3,-2.6,16.4,79.0,188.0,-58.0,30.7
Ronel Blanco,669854.0,SP,HOU,32.6,48.1,303.2,1.0,1.0,0.3,0.0,0.0,78.0,154.3,-49.5,30.6
Ryan Yarbrough,642232.0,RP,NYY,34.3,64.0,227.5,1.0,1.0,0.4,0.0,0.0,77.8,183.0,-57.5,30.5
Zebby Matthews,805673.0,SP,MIN,25.9,79.1,167.2,1.0,1.0,0.4,0.0,0.0,77.4,222.3,-65.2,30.4
Valente Bellozo,,RP,MIA,30.8,81.1,163.2,1.0,1.1,0.5,0.0,0.0,77.4,164.3,-52.9,30.3
Tim Tawa,,nan,ARI,29.4,93.5426,141.0,1.0,1.0,0.2,0.0,54.4,76.9,120.0,-36.0,30.1
Jose Trevino,624431.0,C,CIN,33.3,307.159,139.7,1.0,1.1,0.5,-0.3,2.3,76.8,146.5,-47.6,30.0
Scott Barlow,605130.0,RP,CIN,33.3,68.1,227.7,1.0,0.9,0.4,0.0,0.0,76.7,230.3,-66.7,29.9
Alexander Canario,672744.0,OF,PIT,25.9,14.7145,124.8,1.0,1.0,0.0,-1.1,74.6,76.5,101.0,-24.2,29.8
Dylan Moore,664238.0,2B,- - -,33.7,47.5805,203.6,1.0,1.0,0.1,-2.1,62.4,75.9,149.0,-49.0,29.6
Jordan Hicks,663855.0,RP,- - -,29.6,67.1,205.2,1.0,1.0,0.4,0.0,0.0,75.7,121.3,-37.6,29.5
Tyler Phillips,,RP,MIA,30.8,77.2,167.8,1.0,1.1,0.4,0.0,0.0,75.7,228.6,-66.9,29.4
Bowden Francis,670102.0,SP,TOR,29.9,64.0,206.9,1.0,1.0,0.4,0.0,0.0,75.6,126.0,-40.0,29.3
Brant Hurter,,RP,DET,30.8,63.0,212.3,1.0,1.0,0.4,0.0,0.0,75.3,237.0,-68.2,29.2
Robert Garcia,676395.0,RP,TEX,29.8,64.0,225.0,1.0,1.0,0.4,0.0,0.0,75.2,271.0,-72.3,29.0
Jackson Rutledge,671131.0,RP,WSN,27.0,73.1,178.7,1.0,1.0,0.4,0.0,0.0,75.2,164.3,-54.2,28.9
Louie Varland,686973.0,RP,- - -,28.3,72.2,187.6,1.0,1.0,0.4,0.0,0.0,75.1,251.6,-70.1,28.8
JoJo Romero,668941.0,RP,STL,29.6,61.0,219.8,1.0,1.0,0.3,0.0,0.0,74.5,249.0,-70.1,28.7
Osvaldo Bido,674370.0,RP,ATH,30.5,79.2,171.5,1.0,1.0,0.4,0.0,0.0,74.3,156.6,-52.5,28.6
Trey Sweeney,,nan,DET,29.4,77.2283,158.0,1.0,1.0,0.1,0.0,54.4,74.0,140.0,-47.2,28.4
Martin Perez,527048.0,SP,CHW,35.0,56.0,233.6,1.0,1.0,0.3,0.0,0.0,73.1,155.0,-52.8,28.3
Trevor Megill,656730.0,RP,MIL,32.3,47.0,294.4,1.0,1.0,0.3,0.0,0.0,72.6,362.0,-79.9,28.2
Graham Ashcraft,668933.0,RP,CIN,28.1,65.1,217.9,1.0,0.9,0.4,0.0,0.0,72.5,212.3,-65.9,28.1
Yuki Matsui,673513.0,RP,SDP,30.4,63.1,201.4,1.0,1.0,0.4,0.0,0.0,72.4,189.3,-61.8,27.9
Hoby Milner,571948.0,RP,TEX,35.2,70.1,203.5,1.0,1.0,0.4,0.0,0.0,72.0,192.3,-62.5,27.8
Jordan Leasure,673929.0,RP,CHW,27.6,64.1,192.1,1.0,1.0,0.4,0.0,0.0,72.0,279.3,-74.2,27.7
Jacob Webb,657097.0,RP,TEX,32.6,66.0,210.9,1.0,1.0,0.4,0.0,0.0,71.4,232.0,-69.2,27.6
Reed Garrett,657585.0,RP,NYM,33.2,55.1,229.1,1.0,1.0,0.3,0.0,0.0,71.3,202.3,-64.7,27.5
Ryan Zeferjahn,,RP,LAA,30.8,57.0,220.0,1.0,1.0,0.3,0.0,0.0,71.3,213.0,-66.5,27.3
Enyel De Los Santos,660853.0,RP,- - -,30.3,66.0,196.9,1.0,1.0,0.4,0.0,0.0,71.2,203.0,-64.9,27.2
Hogan Harris,663687.0,RP,ATH,29.3,64.2,201.1,1.0,1.0,0.4,0.0,0.0,71.2,219.6,-67.6,27.1
Anthony Banda,607455.0,RP,LAD,32.6,65.0,200.8,1.0,1.0,0.4,0.0,0.0,70.5,217.0,-67.5,27.0
Felix Bautista,642585.0,RP,BAL,30.8,34.2,359.0,1.0,1.0,0.2,0.0,0.0,70.4,243.6,-71.1,26.9
Pierce Johnson,572955.0,RP,ATL,34.9,59.0,225.4,1.0,1.0,0.3,0.0,0.0,70.1,204.0,-65.6,26.7
Matt Brash,666374.0,RP,SEA,27.9,47.1,257.4,1.0,1.0,0.3,0.0,0.0,70.1,197.3,-64.5,26.6
Wandy Peralta,593974.0,RP,SDP,34.7,71.2,177.3,1.0,1.0,0.4,0.0,0.0,70.0,223.6,-68.7,26.5
Caleb Ferguson,657571.0,RP,- - -,29.7,65.1,193.4,1.0,1.0,0.4,0.0,0.0,69.2,194.3,-64.4,26.4
Brad Keller,641745.0,RP,CHC,30.7,69.2,186.5,1.0,1.0,0.4,0.0,0.0,69.1,293.6,-76.5,26.2
Andrew Kittredge,552640.0,RP,- - -,36.0,53.0,244.2,1.0,1.0,0.3,0.0,0.0,68.5,240.0,-71.5,26.1
Tobias Myers,,RP,MIL,30.8,50.2,257.2,1.0,1.0,0.3,0.0,0.0,68.4,122.6,-44.2,26.0
Kolby Allard,663465.0,RP,CLE,28.6,65.0,186.0,1.0,1.0,0.4,0.0,0.0,68.3,173.0,-60.5,25.9
Ian Seymour,,RP,TBR,30.8,57.0,214.1,1.0,1.0,0.3,0.0,0.0,68.0,206.0,-67.0,25.8
Enrique Hernandez,571771.0,1B,LAD,34.6,90.8282,183.3,1.0,1.0,0.2,1.9,39.2,67.8,134.0,-49.4,25.6
Yennier Cano,666974.0,RP,BAL,32.1,58.0,202.4,1.0,1.0,0.3,0.0,0.0,66.8,153.0,-56.3,25.5
Kameron Misner,,nan,TBR,29.4,53.8246,136.3,1.0,1.0,0.1,0.0,54.4,66.3,114.5,-42.1,25.4
Braydon Fisher,,RP,TOR,30.8,50.0,232.8,1.0,1.0,0.3,0.0,0.0,66.1,228.0,-71.0,25.3
Justin Topa,623437.0,RP,MIN,35.1,60.0,199.0,1.0,1.0,0.3,0.0,0.0,66.0,165.0,-60.0,25.2
Huascar Brazoban,623211.0,RP,NYM,36.5,63.0,188.3,0.9,1.0,0.4,0.0,0.0,65.7,210.0,-68.7,25.0
John Schreiber,670167.0,RP,KCR,32.1,64.0,183.8,1.0,1.0,0.4,0.0,0.0,65.6,206.0,-68.1,24.9
Santiago Espinal,669289.0,3B,CIN,31.4,65.8667,162.7,1.0,1.1,0.1,0.2,46.1,65.2,132.0,-50.6,24.8
Hurston Waldrep,,SP,ATL,30.8,56.1,213.5,1.0,1.0,0.3,0.0,0.0,64.8,205.3,-68.5,24.7
Orlando Arcia,606115.0,SS,- - -,31.7,180.841,180.9,1.0,1.0,0.3,0.2,10.8,64.3,71.5,-10.1,24.5
Bennett Sousa,656986.0,RP,HOU,31.0,50.2,234.2,1.0,1.0,0.3,0.0,0.0,63.5,229.6,-72.3,24.4
Randy Rodriguez,,RP,SFG,30.8,50.2,217.7,1.0,1.1,0.3,0.0,0.0,63.3,254.6,-75.1,24.3
Grant Anderson,681982.0,RP,MIL,28.8,69.2,170.0,1.0,1.0,0.4,0.0,0.0,63.1,227.6,-72.3,24.2
Justin Wrobleski,,RP,LAD,30.8,66.2,173.5,1.0,1.0,0.4,0.0,0.0,62.7,239.6,-73.8,24.1
Johan Oviedo,670912.0,SP,PIT,28.1,40.1,271.4,1.0,1.0,0.2,0.0,0.0,62.2,133.3,-53.3,23.9
Daniel Lynch IV,663738.0,RP,KCR,29.4,67.2,163.2,1.0,1.0,0.4,0.0,0.0,62.2,188.6,-67.0,23.8
Yoendrys Gomez,672782.0,RP,- - -,26.5,62.2,178.1,1.0,1.0,0.3,0.0,0.0,62.1,163.6,-62.1,23.7
Gregory Soto,642397.0,RP,- - -,31.1,60.1,188.8,1.0,1.0,0.3,0.0,0.0,61.9,188.3,-67.1,23.6
Drew Waters,671221.0,OF,KCR,27.3,32.8664,131.2,1.0,1.0,0.1,-4.4,59.0,61.6,91.0,-32.3,23.5
Kirby Yates,489446.0,RP,LAD,39.0,41.1,288.6,0.9,1.0,0.2,0.0,0.0,61.5,159.3,-61.4,23.3
Max Meyer,676974.0,SP,MIA,27.1,64.2,160.2,1.0,1.1,0.4,0.0,0.0,61.5,183.6,-66.5,23.2
Fernando Cruz,518585.0,RP,NYY,36.0,48.0,240.3,1.0,1.0,0.3,0.0,0.0,61.0,218.0,-72.0,23.1
Tommy Kahnle,592454.0,RP,DET,36.6,63.0,176.2,0.9,1.0,0.4,0.0,0.0,60.2,195.0,-69.1,23.0
Nolan McLean,,SP,NYM,30.8,48.0,218.4,1.0,1.0,0.3,0.0,0.0,60.1,211.0,-71.5,22.8
Juan Mejia,,RP,COL,30.8,61.1,211.8,1.0,0.8,0.3,0.0,0.0,60.1,203.3,-70.4,22.7
Matt Festa,670036.0,RP,CLE,33.1,54.2,201.0,1.0,1.0,0.3,0.0,0.0,59.8,190.6,-68.6,22.6
Tyler Ferguson,,RP,ATH,30.8,58.0,188.7,1.0,1.0,0.3,0.0,0.0,59.8,175.0,-65.8,22.5
Tristan Beck,663941.0,RP,SFG,29.8,56.2,182.0,1.0,1.1,0.3,0.0,0.0,59.6,144.6,-58.8,22.4
Brenan Hanifee,669724.0,RP,DET,27.8,60.0,171.6,1.0,1.0,0.3,0.0,0.0,59.0,156.0,-62.2,22.2
Angel Zerpa,672582.0,RP,KCR,26.5,64.2,159.0,1.0,1.0,0.4,0.0,0.0,58.9,184.6,-68.1,22.1
Ryne Stanek,592773.0,RP,NYM,34.7,56.0,187.4,1.0,1.0,0.3,0.0,0.0,58.8,165.0,-64.4,22.0
Mason Fluharty,,RP,TOR,30.8,52.2,197.6,1.0,1.0,0.3,0.0,0.0,58.6,186.6,-68.6,21.9
Cade Gibson,,RP,MIA,30.8,54.2,184.9,1.0,1.1,0.3,0.0,0.0,58.6,171.6,-65.9,21.7
Tanner Houck,656557.0,SP,BOS,29.8,43.2,253.6,1.0,1.0,0.2,0.0,0.0,57.8,41.6,38.9,21.6
Ben Lively,594902.0,SP,CLE,34.1,44.2,239.0,1.0,1.0,0.2,0.0,0.0,57.7,115.6,-50.1,21.5
Brent Suter,608718.0,RP,CIN,36.6,67.2,174.6,0.9,0.9,0.4,0.0,0.0,56.9,157.6,-63.9,21.4
Brock Burke,656271.0,RP,LAA,29.7,61.2,162.2,1.0,1.0,0.3,0.0,0.0,56.8,200.6,-71.7,21.3
Jalen Beeks,656222.0,RP,ARI,32.7,57.1,188.7,1.0,1.0,0.3,0.0,0.0,56.4,185.3,-69.6,21.1
Anthony Bender,669622.0,RP,MIA,31.2,50.0,191.6,1.0,1.1,0.3,0.0,0.0,55.9,192.0,-70.9,21.0
Hunter Dobbins,,SP,BOS,30.8,61.0,174.2,1.0,1.0,0.3,0.0,0.0,55.7,159.0,-65.0,20.9
Riley O'Brien,676617.0,RP,STL,31.1,48.0,210.7,1.0,1.0,0.3,0.0,0.0,55.7,202.0,-72.4,20.8
Brandon Walter,687888.0,SP,HOU,29.6,53.2,190.8,1.0,1.0,0.3,0.0,0.0,55.3,178.6,-69.0,20.7
Kumar Rocker,,SP,TEX,30.8,64.1,165.1,1.0,1.0,0.4,0.0,0.0,54.9,148.3,-63.0,20.5
Jordan Romano,605447.0,RP,PHI,32.9,42.2,244.8,1.0,1.0,0.2,0.0,0.0,54.6,130.6,-58.2,20.4
Nick Mears,683232.0,RP,MIL,29.5,56.2,181.2,1.0,1.0,0.3,0.0,0.0,54.4,191.6,-71.6,20.3
Mike Tauchman,643565.0,OF,CHW,35.3,146.362,225.2,1.0,1.0,0.2,-0.8,5.2,54.3,220.0,-75.3,20.2
Victor Vodnik,680767.0,RP,COL,26.5,50.2,224.4,1.0,0.8,0.3,0.0,0.0,53.7,213.6,-74.9,20.0
Drew Pomeranz,519141.0,RP,CHC,37.4,49.2,208.7,0.9,1.0,0.3,0.0,0.0,52.7,199.6,-73.6,19.9
Caleb Thielbar,573204.0,RP,CHC,39.2,58.0,179.0,0.9,1.0,0.3,0.0,0.0,52.7,221.0,-76.1,19.8
Tyler Gilbert,656457.0,RP,CHW,32.3,51.0,181.8,1.0,1.0,0.3,0.0,0.0,52.7,168.0,-68.6,19.7
Taylor Clarke,664199.0,RP,KCR,32.9,55.1,171.4,1.0,1.0,0.3,0.0,0.0,52.4,176.3,-70.3,19.6
Shane Bieber,669456.0,SP,TOR,30.8,40.1,229.6,1.0,1.0,0.2,0.0,0.0,52.3,141.3,-63.0,19.4
Shelby Miller,571946.0,RP,- - -,35.5,46.0,213.8,1.0,1.0,0.3,0.0,0.0,52.2,240.0,-78.3,19.3
Aaron Bummer,607481.0,RP,ATL,32.5,54.1,179.1,1.0,1.0,0.3,0.0,0.0,51.8,165.3,-68.6,19.2
Mark Leiter Jr.,643410.0,RP,NYY,35.1,48.1,201.8,1.0,1.0,0.3,0.0,0.0,51.6,166.3,-69.0,19.1
David Festa,,SP,MIN,30.8,53.1,169.5,1.0,1.0,0.3,0.0,0.0,51.1,148.3,-65.5,19.0
Tim Hill,657612.0,RP,NYY,36.1,67.0,143.3,1.0,1.0,0.4,0.0,0.0,50.7,175.0,-71.0,18.8
Taylor Rogers,573124.0,RP,- - -,35.3,50.2,186.1,1.0,1.0,0.3,0.0,0.0,49.6,163.6,-69.7,18.7
Travis d'Arnaud,518595.0,C,LAA,37.1,106.67,138.0,0.9,1.0,0.2,1.1,25.7,49.1,86.0,-42.9,18.6
Cole Henry,,RP,WSN,30.8,52.2,167.0,1.0,1.0,0.3,0.0,0.0,49.0,150.6,-67.4,18.5
Austin Gomber,596295.0,SP,COL,32.4,57.2,185.8,1.0,0.8,0.3,0.0,0.0,48.9,44.6,9.5,18.3
Isaac Mattson,676755.0,RP,PIT,30.7,47.2,180.6,1.0,1.0,0.3,0.0,0.0,48.0,166.6,-71.2,18.2
Luis Garcia,472610.0,RP,- - -,39.2,55.1,167.8,0.9,1.0,0.3,0.0,0.0,47.9,158.3,-69.7,18.1
Javier Assad,665871.0,SP,CHC,28.7,37.0,238.2,1.0,1.0,0.2,0.0,0.0,47.8,102.0,-53.2,18.0
Nacho Alvarez Jr.,805373.0,SS,ATL,23.0,32.1742,109.1,1.0,1.0,0.1,4.2,36.7,46.9,82.5,-43.1,17.9
David Morgan,,RP,SDP,30.8,47.1,175.3,1.0,1.0,0.3,0.0,0.0,46.9,160.3,-70.7,17.7
Marcus Stroman,573186.0,SP,NYY,34.9,39.0,225.4,1.0,1.0,0.2,0.0,0.0,46.8,70.0,-33.1,17.6
Luis Morales,,SP,ATH,30.8,48.2,175.5,1.0,1.0,0.3,0.0,0.0,46.2,160.6,-71.2,17.5
Frankie Montas,593423.0,SP,NYM,33.0,38.2,212.0,1.0,1.0,0.2,0.0,0.0,45.8,77.6,-40.9,17.4
Nestor Cortes,641482.0,SP,- - -,31.3,34.1,246.6,1.0,1.0,0.2,0.0,0.0,45.8,66.3,-30.9,17.3
Jorge Alcala,660896.0,RP,- - -,30.7,55.0,152.3,1.0,1.0,0.3,0.0,0.0,45.8,115.0,-60.2,17.1
Mitch Garver,641598.0,C,SEA,35.2,92.6367,178.7,1.0,1.0,0.2,1.4,19.0,45.7,142.0,-67.8,17.0
Casey Legumina,668984.0,RP,SEA,28.8,49.2,161.1,1.0,1.0,0.3,0.0,0.0,45.6,143.6,-68.3,16.9
Jake Bird,656234.0,RP,- - -,30.3,55.1,150.5,1.0,1.0,0.3,0.0,0.0,45.4,164.3,-72.3,16.8
Michael Toglia,669911.0,1B,COL,27.6,1.0,197.8,1.0,1.2,0.0,2.4,42.6,45.4,130.0,-65.1,16.6
Christian Vazquez,543877.0,C,MIN,35.6,215.058,112.8,1.0,1.0,0.4,3.4,3.9,44.3,82.5,-46.3,16.5
Steven Wilson,621051.0,RP,CHW,31.6,55.1,140.8,1.0,1.0,0.3,0.0,0.0,44.3,173.3,-74.4,16.4
Rafael Montero,606160.0,RP,- - -,35.5,60.1,138.7,1.0,1.0,0.3,0.0,0.0,44.2,162.3,-72.7,16.3
Spencer Arrighetti,,SP,HOU,30.8,35.1,233.0,1.0,1.0,0.2,0.0,0.0,44.2,80.3,-44.9,16.2
Chris Flexen,623167.0,RP,CHC,31.8,43.2,191.4,1.0,1.0,0.2,0.0,0.0,44.0,123.6,-64.4,16.0
Brennan Bernardino,657514.0,RP,BOS,34.2,51.2,166.6,1.0,1.0,0.3,0.0,0.0,43.8,163.6,-73.2,15.9
Luke Jackson,592426.0,RP,- - -,34.6,51.0,159.5,1.0,1.0,0.3,0.0,0.0,43.4,169.0,-74.3,15.8
Tim Herrin,682120.0,RP,CLE,29.5,42.2,183.0,1.0,1.0,0.2,0.0,0.0,43.4,128.6,-66.3,15.7
Bryse Wilson,669060.0,RP,CHW,28.3,47.1,157.1,1.0,1.0,0.3,0.0,0.0,43.1,41.3,4.3,15.6
Kyle Bradish,680694.0,SP,BAL,29.5,32.0,232.4,1.0,1.0,0.2,0.0,0.0,43.0,144.0,-70.1,15.4
Jose Urena,570632.0,RP,- - -,34.6,55.0,146.4,1.0,1.0,0.3,0.0,0.0,43.0,102.0,-57.9,15.3
Troy Melton,,RP,DET,30.8,45.2,165.3,1.0,1.0,0.3,0.0,0.0,42.0,148.6,-71.7,15.2
Dietrich Enns,608650.0,RP,- - -,34.9,46.1,170.2,1.0,1.0,0.3,0.0,0.0,41.8,154.3,-72.9,15.1
Danny Coulombe,543056.0,RP,- - -,36.4,43.0,183.9,0.9,1.0,0.2,0.0,0.0,41.7,163.0,-74.4,14.9
Paul DeJong,657557.0,3B,WSN,32.7,61.107,161.2,1.0,1.0,0.1,-2.3,28.5,41.7,97.0,-57.0,14.8
Joe Boyle,671212.0,SP,TBR,26.6,52.0,138.6,1.0,1.0,0.3,0.0,0.0,41.2,152.0,-72.9,14.7
Josh Rojas,668942.0,3B,CHW,31.8,59.4598,150.0,1.0,1.0,0.1,3.5,23.9,41.1,77.0,-46.6,14.6
Brandon Young,,SP,BAL,30.8,57.2,125.4,1.0,1.0,0.3,0.0,0.0,41.1,101.6,-59.5,14.5
Lance McCullers Jr.,621121.0,SP,HOU,32.5,55.1,138.7,1.0,1.0,0.3,0.0,0.0,40.9,117.3,-65.1,14.3
Connor Brogdon,641401.0,RP,LAA,31.2,47.0,152.0,1.0,1.0,0.3,0.0,0.0,40.5,133.0,-69.6,14.2
Mason Montgomery,,RP,TBR,30.8,46.0,158.0,1.0,1.0,0.3,0.0,0.0,40.5,140.0,-71.1,14.1
Ty France,664034.0,1B,- - -,31.7,70.6099,263.9,1.0,1.0,0.1,2.9,7.1,40.4,244.5,-83.5,14.0
Jackson Jobe,,SP,DET,30.8,49.0,146.1,1.0,1.0,0.3,0.0,0.0,40.3,126.0,-68.0,13.9
Steven Cruz,674444.0,RP,KCR,26.8,45.2,153.4,1.0,1.0,0.3,0.0,0.0,40.0,134.6,-70.3,13.7
Chad Green,643338.0,RP,TOR,34.9,43.2,166.3,1.0,1.0,0.2,0.0,0.0,39.8,101.6,-60.8,13.6
Joe Ross,605452.0,RP,PHI,32.9,51.0,147.2,1.0,1.0,0.3,0.0,0.0,39.7,108.0,-63.3,13.5
Anthony Santander,623993.0,OF,TOR,31.4,47.5295,280.4,1.0,1.0,0.1,-0.2,19.0,39.7,85.5,-53.6,13.4
Ryan Pressly,519151.0,RP,CHC,37.3,41.1,187.2,0.9,1.0,0.2,0.0,0.0,39.6,111.3,-64.5,13.2
Cade Cavalli,676917.0,SP,WSN,27.6,48.2,142.4,1.0,1.0,0.3,0.0,0.0,39.4,121.6,-67.6,13.1
Jonathan Bowlan,680742.0,RP,KCR,29.3,44.1,155.7,1.0,1.0,0.2,0.0,0.0,39.0,137.3,-71.6,13.0
Landon Knack,,SP,LAD,30.8,42.1,168.4,1.0,1.0,0.2,0.0,0.0,38.7,125.3,-69.1,12.9
Chase Shugart,,RP,PIT,30.8,45.0,152.0,1.0,1.0,0.2,0.0,0.0,38.5,133.0,-71.1,12.8
Chase Burns,,SP,CIN,30.8,43.1,177.0,1.0,0.9,0.2,0.0,0.0,38.3,162.3,-76.4,12.6
Kaleb Ort,672391.0,RP,HOU,34.2,46.0,157.1,1.0,1.0,0.3,0.0,0.0,38.3,139.0,-72.5,12.5
LaMonte Wade Jr.,664774.0,1B,- - -,32.2,50.3571,174.1,1.0,1.0,0.1,4.7,19.0,37.9,90.0,-57.8,12.4
Tanner Gordon,,SP,COL,30.8,75.1,107.9,1.0,0.8,0.4,0.0,0.0,37.6,160.3,-76.5,12.3
Justin Wilson,458677.0,RP,BOS,38.6,48.1,156.4,0.9,1.0,0.3,0.0,0.0,37.6,174.3,-78.4,12.2
Kevin Kelly,687330.0,RP,TBR,28.3,39.2,169.4,1.0,1.0,0.2,0.0,0.0,37.6,91.6,-59.0,12.0
Elvis Alvarado,,RP,ATH,30.8,42.1,162.5,1.0,1.0,0.2,0.0,0.0,37.4,145.3,-74.3,11.9
AJ Smith-Shawver,700363.0,SP,ATL,23.4,44.1,149.8,1.0,1.0,0.2,0.0,0.0,37.3,130.3,-71.4,11.8
Kyle Harrison,690986.0,SP,- - -,24.6,35.2,186.4,1.0,1.0,0.2,0.0,0.0,37.2,105.6,-64.8,11.7
Grant Taylor,,RP,CHW,30.8,36.2,178.9,1.0,1.0,0.2,0.0,0.0,37.1,164.6,-77.4,11.5
Ryan Weathers,677960.0,SP,MIA,26.3,38.1,161.2,1.0,1.1,0.2,0.0,0.0,36.9,115.3,-68.0,11.4
Lou Trivino,642152.0,RP,- - -,34.5,47.2,144.9,1.0,1.0,0.3,0.0,0.0,36.5,124.6,-70.7,11.3
Eric Orze,,RP,TBR,30.8,41.2,156.8,1.0,1.0,0.2,0.0,0.0,36.0,138.6,-74.0,11.2
Trent Thornton,663423.0,RP,SEA,32.5,42.1,152.0,1.0,1.0,0.2,0.0,0.0,36.0,101.3,-64.5,11.1
Chris Martin,455119.0,RP,TEX,39.8,42.1,170.4,0.9,1.0,0.2,0.0,0.0,35.2,153.3,-77.0,10.9
Riley Adams,656180.0,C,WSN,29.8,1.0,123.2,1.0,1.0,0.0,3.0,30.9,34.1,99.0,-65.5,10.8
Tony Gonsolin,664062.0,SP,LAD,31.9,36.0,174.0,1.0,1.0,0.2,0.0,0.0,34.0,108.0,-68.5,10.7
Kyle Farmer,571657.0,2B,COL,35.6,33.1715,148.8,1.0,1.2,0.1,1.0,23.9,33.9,140.0,-75.8,10.6
Cole Winn,,RP,TEX,30.8,41.2,157.7,1.0,1.0,0.2,0.0,0.0,33.7,139.6,-75.9,10.4
Cristian Javier,664299.0,SP,HOU,29.0,37.0,165.0,1.0,1.0,0.2,0.0,0.0,33.4,104.0,-67.9,10.3
Parker Messick,,SP,CLE,30.8,39.2,151.7,1.0,1.0,0.2,0.0,0.0,33.1,132.6,-75.0,10.2
Jackson Perkins,,RP,ATH,30.8,38.2,156.0,1.0,1.0,0.2,0.0,0.0,32.5,137.6,-76.4,10.1
Richard Fitts,,SP,BOS,30.8,45.0,137.6,1.0,1.0,0.2,0.0,0.0,32.5,116.0,-72.0,10.0
Kyle Hart,606996.0,RP,SDP,33.4,43.0,133.4,1.0,1.0,0.2,0.0,0.0,32.1,111.0,-71.1,9.8
Ryan Thompson,657044.0,RP,ARI,33.8,41.1,149.9,1.0,1.0,0.2,0.0,0.0,32.0,124.3,-74.2,9.7
Brock Stewart,592779.0,RP,- - -,34.5,37.2,160.2,1.0,1.0,0.2,0.0,0.0,31.8,142.6,-77.7,9.6
Anthony DeSclafani,543101.0,RP,ARI,36.0,38.2,162.2,1.0,1.0,0.2,0.0,0.0,31.8,108.6,-70.7,9.5
Paul Blackburn,621112.0,RP,- - -,32.3,39.0,149.1,1.0,1.0,0.2,0.0,0.0,31.5,77.0,-59.1,9.4
Mason Englert,669438.0,RP,TBR,26.4,44.2,124.4,1.0,1.0,0.2,0.0,0.0,31.4,128.6,-75.5,9.2
Adam Frazier,624428.0,2B,- - -,34.3,1.0,215.8,1.0,1.0,0.0,-0.1,30.9,31.1,241.5,-87.1,9.1
Chase Lee,,RP,DET,30.8,37.1,148.1,1.0,1.0,0.2,0.0,0.0,30.9,128.3,-75.9,9.0
Ian Hamilton,641656.0,RP,NYY,30.8,40.0,140.6,1.0,1.0,0.2,0.0,0.0,30.7,126.0,-75.6,8.9
Gordon Graceffo,,RP,STL,30.8,43.0,129.1,1.0,1.0,0.2,0.0,0.0,30.6,106.0,-71.1,8.7
Carlos Carrasco,471911.0,SP,- - -,39.0,45.2,128.7,0.9,1.0,0.3,0.0,0.0,30.2,63.6,-52.6,8.6
Scott Blewett,656240.0,RP,- - -,30.0,44.1,124.3,1.0,1.0,0.2,0.0,0.0,30.1,100.3,-70.0,8.5
Seth Halvorsen,,RP,COL,30.8,39.2,161.1,1.0,0.8,0.2,0.0,0.0,29.3,143.6,-79.6,8.4
Genesis Cabrera,650893.0,RP,- - -,29.5,42.2,122.4,1.0,1.0,0.2,0.0,0.0,28.4,75.6,-62.4,8.3
Justin Slaten,686580.0,RP,BOS,28.5,34.0,156.5,1.0,1.0,0.2,0.0,0.0,28.3,108.0,-73.8,8.1
John King,667463.0,RP,STL,31.5,48.1,106.8,1.0,1.0,0.3,0.0,0.0,28.2,81.3,-65.3,8.0
Erik Miller,669062.0,RP,SFG,28.1,30.0,159.7,1.0,1.1,0.2,0.0,0.0,28.2,100.0,-71.8,7.9
Max Kranick,668820.0,RP,NYM,28.7,37.0,130.0,1.0,1.0,0.2,0.0,0.0,27.9,107.0,-73.9,7.8
Andrew Chafin,605177.0,RP,- - -,35.8,33.2,158.6,1.0,1.0,0.2,0.0,0.0,27.9,110.6,-74.8,7.7
Hayden Wesneski,669713.0,SP,HOU,28.3,32.0,158.3,1.0,1.0,0.2,0.0,0.0,27.8,92.0,-69.8,7.5
A.J. Blubaugh,,RP,HOU,30.8,32.0,158.8,1.0,1.0,0.2,0.0,0.0,27.5,141.0,-80.5,7.4
Porter Hodge,,RP,CHC,30.8,33.0,155.4,1.0,1.0,0.2,0.0,0.0,27.5,101.0,-72.8,7.3
Daysbel Hernandez,678226.0,RP,ATL,29.5,37.0,134.2,1.0,1.0,0.2,0.0,0.0,27.1,112.0,-75.8,7.2
Jose Fermin,,RP,LAA,30.8,34.1,135.3,1.0,1.0,0.2,0.0,0.0,26.2,113.3,-76.9,7.0
Mick Abel,,SP,- - -,30.8,39.0,121.4,1.0,1.0,0.2,0.0,0.0,25.9,97.0,-73.3,6.9
Kyle Nicolas,693312.0,RP,PIT,27.1,38.0,118.0,1.0,1.0,0.2,0.0,0.0,25.8,95.0,-72.8,6.8
Caleb Boushley,676961.0,RP,TEX,32.5,43.1,115.8,1.0,1.0,0.2,0.0,0.0,25.6,90.3,-71.6,6.7
Kody Funderburk,681892.0,RP,MIN,29.3,41.0,108.6,1.0,1.0,0.2,0.0,0.0,25.5,134.0,-80.9,6.6
Zack Kelly,677161.0,RP,BOS,31.1,35.1,138.2,1.0,1.0,0.2,0.0,0.0,25.4,97.3,-73.9,6.4
John Curtiss,595928.0,RP,ARI,33.0,36.2,133.0,1.0,1.0,0.2,0.0,0.0,25.2,110.6,-77.2,6.3
Bubba Chandler,,SP,PIT,30.8,31.1,143.8,1.0,1.0,0.2,0.0,0.0,25.2,123.3,-79.6,6.2
Max Lazar,,RP,PHI,30.8,41.1,114.1,1.0,1.0,0.2,0.0,0.0,25.1,88.3,-71.6,6.1
Ryan Feltner,663372.0,SP,COL,29.6,30.1,177.8,1.0,0.8,0.2,0.0,0.0,25.0,63.3,-60.5,6.0
Rico Garcia,670329.0,RP,- - -,32.2,34.1,135.3,1.0,1.0,0.2,0.0,0.0,25.0,113.3,-77.9,5.8
Carlos Hernandez,672578.0,RP,- - -,29.1,43.1,103.6,1.0,1.0,0.2,0.0,0.0,24.6,80.3,-69.3,5.7
Tommy Nance,667297.0,RP,TOR,35.0,31.2,142.4,1.0,1.0,0.2,0.0,0.0,24.6,121.6,-79.8,5.6
Joey Lucchesi,664192.0,RP,SFG,32.8,38.1,111.0,1.0,1.1,0.2,0.0,0.0,24.2,97.3,-75.1,5.5
Michael Kelly,547184.0,RP,ATH,33.6,39.2,114.9,1.0,1.0,0.2,0.0,0.0,24.2,126.6,-80.9,5.3
Nic Enright,,RP,CLE,30.8,31.0,139.3,1.0,1.0,0.2,0.0,0.0,24.1,118.0,-79.6,5.2
Sam Long,669674.0,RP,KCR,30.7,40.1,103.9,1.0,1.0,0.2,0.0,0.0,23.5,78.3,-70.0,5.1
Ryan Borucki,621366.0,RP,- - -,32.0,35.0,117.5,1.0,1.0,0.2,0.0,0.0,22.3,93.0,-76.0,5.0
Rowdy Tellez,642133.0,1B,- - -,31.0,57.4819,201.9,1.0,1.0,0.1,2.1,1.0,22.1,188.5,-88.3,4.9
Angel Chivilli,,RP,COL,30.8,58.2,81.4,1.0,0.8,0.3,0.0,0.0,22.0,74.6,-70.5,4.7
Chris Murphy,669684.0,RP,BOS,27.8,34.2,119.8,1.0,1.0,0.2,0.0,0.0,21.9,112.6,-80.6,4.6
Carson Seymour,,RP,SFG,30.8,36.0,104.4,1.0,1.1,0.2,0.0,0.0,21.8,77.0,-71.7,4.5
DL Hall,669084.0,RP,MIL,27.5,38.2,103.6,1.0,1.0,0.2,0.0,0.0,21.4,102.6,-79.2,4.4
Roki Sasaki,,SP,LAD,30.8,36.1,108.1,1.0,1.0,0.2,0.0,0.0,21.3,81.3,-73.8,4.3
George Soriano,666277.0,RP,MIA,27.0,36.2,98.4,1.0,1.1,0.2,0.0,0.0,21.3,62.6,-66.0,4.1
Yerry De Los Santos,660787.0,RP,NYY,28.3,35.2,108.4,1.0,1.0,0.2,0.0,0.0,21.2,81.6,-74.1,4.0
Elias Diaz,553869.0,C,SDP,35.4,61.9431,174.7,1.0,1.0,0.1,-1.5,6.1,21.1,133.0,-84.1,3.9
Juan Morillo,,RP,ARI,30.8,34.1,114.9,1.0,1.0,0.2,0.0,0.0,20.8,89.3,-76.8,3.8
Nabil Crismatt,622503.0,SP,ARI,31.3,34.0,115.5,1.0,1.0,0.2,0.0,0.0,20.7,90.0,-77.0,3.6
Ryan Fernandez,,RP,STL,30.8,30.1,121.0,1.0,1.0,0.2,0.0,0.0,20.1,59.3,-66.1,3.5
Yohan Ramirez,670990.0,RP,PIT,30.9,33.1,107.9,1.0,1.0,0.2,0.0,0.0,20.1,115.3,-82.6,3.4
Manuel Rodriguez,655889.0,RP,TBR,29.7,30.1,118.2,1.0,1.0,0.2,0.0,0.0,20.0,99.3,-79.9,3.3
Lyon Richardson,680689.0,RP,CIN,26.2,37.2,103.3,1.0,0.9,0.2,0.0,0.0,19.8,75.6,-73.7,3.2
Cam Booser,,RP,CHW,30.8,31.0,111.2,1.0,1.0,0.2,0.0,0.0,19.8,93.0,-78.7,3.0
Jose Castillo,620454.0,RP,- - -,30.2,32.0,110.4,1.0,1.0,0.2,0.0,0.0,19.4,84.0,-76.9,2.9
Shinnosuke Ogasawara,,RP,WSN,30.8,38.2,89.7,1.0,1.0,0.2,0.0,0.0,19.3,59.6,-67.7,2.8
Shawn Dubin,681869.0,RP,- - -,30.6,33.2,101.9,1.0,1.0,0.2,0.0,0.0,18.5,79.6,-76.8,2.7
Josh Simpson,,RP,MIA,30.8,30.2,104.1,1.0,1.1,0.2,0.0,0.0,18.4,76.6,-76.0,2.6
Brandon Waddell,663399.0,RP,NYM,31.8,31.1,101.3,1.0,1.0,0.2,0.0,0.0,18.0,73.3,-75.5,2.4
Wilmer Flores,527038.0,1B,SFG,34.7,42.4336,227.0,1.0,0.9,0.1,-0.1,3.4,17.8,266.0,-93.3,2.3
Caden Dana,,SP,LAA,30.8,32.1,97.1,1.0,1.0,0.2,0.0,0.0,17.7,68.3,-74.1,2.2
Alek Jacob,689690.0,RP,SDP,27.8,33.1,92.0,1.0,1.0,0.2,0.0,0.0,17.6,62.3,-71.7,2.1
Matt Gage,657424.0,RP,- - -,33.1,31.0,105.3,1.0,1.0,0.2,0.0,0.0,17.6,78.0,-77.5,1.9
Travis Adams,,RP,MIN,30.8,33.2,85.4,1.0,1.0,0.2,0.0,0.0,16.1,54.6,-70.5,1.8
Pierson Ohl,,RP,MIN,30.8,30.0,94.2,1.0,1.0,0.2,0.0,0.0,16.1,65.0,-75.3,1.7
Thomas Hatch,641672.0,RP,- - -,31.5,34.0,85.8,1.0,1.0,0.2,0.0,0.0,15.9,55.0,-71.2,1.6
Sawyer Gipson-Long,687830.0,RP,DET,28.3,31.1,86.0,1.0,1.0,0.2,0.0,0.0,15.3,55.3,-72.4,1.5
Gunnar Hoglund,,SP,ATH,30.8,32.1,83.5,1.0,1.0,0.2,0.0,0.0,14.6,52.3,-72.0,1.3
Ryan Rolison,,RP,COL,30.8,42.1,73.3,1.0,0.8,0.2,0.0,0.0,14.3,40.3,-64.5,1.2
Dylan Dodd,689266.0,RP,ATL,27.8,35.0,73.1,1.0,1.0,0.2,0.0,0.0,14.1,109.0,-87.1,1.1
Zach Agnos,,RP,COL,30.8,31.1,92.0,1.0,0.8,0.2,0.0,0.0,13.3,62.3,-78.7,1.0
Dominic Smith,642086.0,1B,SFG,30.8,1.0,175.7,1.0,0.9,0.0,-1.6,13.5,12.2,142.0,-91.4,0.9
Jake Woodford,663765.0,RP,ARI,29.4,36.1,52.5,1.0,1.0,0.2,0.0,0.0,10.1,59.3,-82.9,0.7
Anthony Molina,683627.0,RP,COL,24.2,34.2,57.2,1.0,0.8,0.2,0.0,0.0,9.4,41.6,-77.3,0.6
Jose Herrera,645444.0,C,ARI,29.1,37.1502,107.4,1.0,1.0,0.1,-1.9,4.4,9.3,80.5,-88.5,0.5
Carson Palmquist,,SP,COL,30.8,34.1,54.6,1.0,0.8,0.2,0.0,0.0,8.6,18.3,-52.8,0.4
Adam Mazur,800049.0,SP,MIA,24.9,30.0,43.2,1.0,1.1,0.2,0.0,0.0,7.9,51.0,-84.6,0.2
Bradley Blalock,,SP,COL,30.8,58.2,21.4,1.0,0.8,0.3,0.0,0.0,5.8,8.6,-32.8,0.1
